unit,state,time,period_name,treated,post,outcome,treat_post,chain,wage_before,meals,gname
1,NJ,0,before,1,0,16.659357497610163,0,roys,4.502033171898016,2.5703276936058463,1
1,NJ,1,after,1,1,19.80895238049452,1,roys,4.906170449913136,3.771403806229827,1
2,NJ,0,before,1,0,16.5617382133382,0,wendys,4.642008357893817,2.662821686048397,1
2,NJ,1,after,1,1,25.0937529429796,1,roys,4.863564804711624,2.2921813889132663,1
3,NJ,0,before,1,0,18.374351665536143,0,kfc,4.842493403468665,2.3488036501905416,1
3,NJ,1,after,1,1,32.02351196607055,1,roys,5.021006139969341,2.361834278807585,1
4,NJ,0,before,1,0,18.39542990942006,0,kfc,4.778645515740683,3.37437714853945,1
4,NJ,1,after,1,1,19.918447759482316,1,roys,4.814084585547016,3.714206875496048,1
5,NJ,0,before,1,0,18.165259726176828,0,kfc,4.638541955200832,3.6983140983928706,1
5,NJ,1,after,1,1,20.794572564627277,1,kfc,4.800677982864451,2.8689171819782446,1
6,NJ,0,before,1,0,17.031627993227506,0,kfc,4.382003542285851,3.822230215809575,1
6,NJ,1,after,1,1,17.91443794187648,1,kfc,4.835482349902138,3.884779906245297,1
7,NJ,0,before,1,0,21.774935592268218,0,kfc,5.177377782613679,3.5346540118265084,1
7,NJ,1,after,1,1,16.237487191506297,1,bk,5.1933546584836945,2.021814093454662,1
8,NJ,0,before,1,0,15.379452265068908,0,wendys,4.923531444585594,3.824398839524176,1
8,NJ,1,after,1,1,22.07397526571344,1,roys,5.448814312377581,3.3864015544418384,1
9,NJ,0,before,1,0,20.08102208356136,0,kfc,5.1967595083781655,3.105499049004933,1
9,NJ,1,after,1,1,24.52716011472502,1,roys,4.408624650393034,3.739721675408703,1
10,NJ,0,before,1,0,19.773932365616144,0,wendys,4.3279378322115685,3.2925860441974697,1
10,NJ,1,after,1,1,17.951970112852642,1,bk,4.919885749938172,2.816642449613341,1
11,NJ,0,before,1,0,17.540615101182674,0,wendys,5.123269673703925,2.5497082380250795,1
11,NJ,1,after,1,1,23.571027578346005,1,wendys,4.213163296059968,2.445145079944088,1
12,NJ,0,before,1,0,23.330389046287095,0,roys,4.023679502087427,2.805680331011335,1
12,NJ,1,after,1,1,26.786855841963316,1,roys,4.136216234064131,3.0745938792103957,1
13,NJ,0,before,1,0,25.7633551777616,0,kfc,4.078982895798427,2.2689837634542656,1
13,NJ,1,after,1,1,26.56969145616196,1,roys,4.83091418291316,3.741043208717457,1
14,NJ,0,before,1,0,16.5698820735859,0,kfc,4.587028421433489,3.368157702638138,1
14,NJ,1,after,1,1,21.580381370235667,1,roys,5.3318269361416,3.295693510809821,1
15,NJ,0,before,1,0,20.358592718461683,0,roys,5.103805722657283,3.4653913413562725,1
15,NJ,1,after,1,1,21.06511664867504,1,roys,4.391688271707621,2.6453655096864854,1
16,NJ,0,before,1,0,18.628897674835397,0,kfc,4.392495156999303,3.044181866576581,1
16,NJ,1,after,1,1,23.13993799339252,1,bk,4.058902885892225,2.2250776426029746,1
17,NJ,0,before,1,0,22.756225846152315,0,kfc,4.48528397478448,3.9014003241352446,1
17,NJ,1,after,1,1,20.869510221510343,1,wendys,4.474561391651222,2.8384056607226977,1
18,NJ,0,before,1,0,28.81715083859396,0,roys,5.161727398720678,3.7613211087451974,1
18,NJ,1,after,1,1,25.310380043207427,1,kfc,5.451817841413203,2.580198828961586,1
19,NJ,0,before,1,0,20.645332044287183,0,kfc,4.805222415419245,3.6629004274232138,1
19,NJ,1,after,1,1,25.43099837654592,1,wendys,4.756953303335582,3.0446189365095897,1
20,NJ,0,before,1,0,13.592334158486636,0,wendys,4.688226598081818,3.0773826597853753,1
20,NJ,1,after,1,1,25.2971780441556,1,kfc,5.062011357397145,2.4270854820064622,1
21,NJ,0,before,1,0,23.824811634255155,0,roys,4.484589897927537,3.7307658621672006,1
21,NJ,1,after,1,1,19.939758568280684,1,kfc,4.630441604831051,3.049842532137811,1
22,NJ,0,before,1,0,13.785065650947882,0,bk,4.423170945912491,2.487893889566931,1
22,NJ,1,after,1,1,29.61099313786888,1,wendys,4.817815886991205,3.0542300798323465,1
23,NJ,0,before,1,0,23.236439902182063,0,kfc,5.470480439578994,3.3864354234703224,1
23,NJ,1,after,1,1,18.28242030365612,1,bk,4.315633194838566,2.730218214861303,1
24,NJ,0,before,1,0,14.231107601521172,0,bk,4.34897489049187,3.1557820761205377,1
24,NJ,1,after,1,1,25.651406445083172,1,roys,5.39275853660876,3.3004867681319556,1
25,NJ,0,before,1,0,26.929488847490784,0,wendys,5.166768989812661,3.3300115506286447,1
25,NJ,1,after,1,1,34.34446750244173,1,roys,4.079015630606555,2.3418550245272147,1
26,NJ,0,before,1,0,29.272058429043803,0,roys,4.931362203042154,2.9156449024394613,1
26,NJ,1,after,1,1,22.03226934454333,1,roys,5.4311492957088285,2.6719912204695477,1
27,NJ,0,before,1,0,25.74577044327988,0,kfc,4.713116022162091,2.7658321129293117,1
27,NJ,1,after,1,1,26.72230730450939,1,bk,4.680010665647157,2.1025540336548474,1
28,NJ,0,before,1,0,23.915101342959076,0,roys,5.251717210561519,2.5516975968934528,1
28,NJ,1,after,1,1,21.3395911287463,1,kfc,5.499255944370971,2.675414459351317,1
29,NJ,0,before,1,0,19.194456774280756,0,kfc,4.420452509860526,3.1078245517175653,1
29,NJ,1,after,1,1,13.607576034989687,1,roys,4.22806927036551,2.706364534871631,1
30,NJ,0,before,1,0,23.374760015959957,0,wendys,4.202153527596521,2.331725172906162,1
30,NJ,1,after,1,1,21.51060496210161,1,wendys,5.397407577791817,2.0998405906134767,1
31,NJ,0,before,1,0,18.039214114322174,0,kfc,4.626206505441459,2.6393730223937797,1
31,NJ,1,after,1,1,25.98356830747896,1,roys,4.002070103902903,2.7733176545124927,1
32,NJ,0,before,1,0,16.99202138908356,0,bk,4.845683430931155,2.235206192188391,1
32,NJ,1,after,1,1,16.99384167629811,1,roys,5.46665053002129,2.9879110313228603,1
33,NJ,0,before,1,0,17.286598636429634,0,wendys,5.413795761177363,2.343682069801491,1
33,NJ,1,after,1,1,26.209157691289153,1,kfc,4.757270253093095,2.877242148999409,1
34,NJ,0,before,1,0,28.624445132194683,0,roys,4.618046052801911,3.3892186014948216,1
34,NJ,1,after,1,1,11.720146823752106,1,roys,4.534882406886274,2.8328375635072467,1
35,NJ,0,before,1,0,20.54813799349128,0,roys,5.316773426545817,3.252710147192607,1
35,NJ,1,after,1,1,27.76158142954316,1,kfc,5.43103504565094,2.9833099212900223,1
36,NJ,0,before,1,0,23.770561051989667,0,wendys,5.217183211818064,2.286698843380466,1
36,NJ,1,after,1,1,15.320696655970783,1,kfc,4.9908465649885025,2.4558439768176132,1
37,NJ,0,before,1,0,12.80648902437231,0,bk,5.361910019819435,2.64523430520744,1
37,NJ,1,after,1,1,32.129791355458025,1,roys,4.722962660233935,3.864047216471569,1
38,NJ,0,before,1,0,27.74634701235692,0,bk,5.148440802731776,2.850154793052538,1
38,NJ,1,after,1,1,12.554617155499116,1,kfc,4.310816444250874,3.683981267615253,1
39,NJ,0,before,1,0,24.54416090680959,0,kfc,4.872435509478104,3.957807028535412,1
39,NJ,1,after,1,1,16.40053436552461,1,wendys,4.788162303764192,2.258185790332531,1
40,NJ,0,before,1,0,17.158928971103276,0,bk,4.15799506423169,3.1987483429300267,1
40,NJ,1,after,1,1,29.042631850730135,1,wendys,4.826772903236496,3.3449820658984786,1
41,NJ,0,before,1,0,18.018873539375186,0,roys,4.574711978882604,2.1065710946747895,1
41,NJ,1,after,1,1,29.357104430210295,1,kfc,5.366273565169669,3.199360621749266,1
42,NJ,0,before,1,0,25.636000168845,0,wendys,5.229384375832098,3.9891403579734934,1
42,NJ,1,after,1,1,23.27124219223058,1,roys,5.026692088537808,2.7554961430526648,1
43,NJ,0,before,1,0,21.70552377328574,0,wendys,4.788703432180307,3.134423560086298,1
43,NJ,1,after,1,1,16.006881909060784,1,kfc,4.50618787069335,3.502513027289064,1
44,NJ,0,before,1,0,13.085431451785595,0,wendys,4.004259213365387,3.072562362585759,1
44,NJ,1,after,1,1,28.609666769828863,1,roys,4.506952577495253,3.93521491133476,1
45,NJ,0,before,1,0,20.98082892196506,0,wendys,4.136003754237153,3.476988492135143,1
45,NJ,1,after,1,1,16.2247220260421,1,kfc,4.372909357175211,3.812901730705482,1
46,NJ,0,before,1,0,22.12675276589053,0,bk,4.0697381137146555,3.5729007343195773,1
46,NJ,1,after,1,1,23.48034087305678,1,roys,5.191332281897417,2.85986365529393,1
47,NJ,0,before,1,0,18.472626371885397,0,bk,4.147134547192996,2.6434632740595148,1
47,NJ,1,after,1,1,25.69357378957802,1,wendys,5.2713924253329285,3.4556642967074325,1
48,NJ,0,before,1,0,13.346801174379763,0,kfc,5.4820272547376945,3.2591952201130283,1
48,NJ,1,after,1,1,25.841601703167804,1,bk,4.110129630846916,3.483341271919204,1
49,NJ,0,before,1,0,20.538944917200222,0,kfc,5.2718744811357405,3.991161028494459,1
49,NJ,1,after,1,1,26.91708866344607,1,bk,5.080522734040174,3.965096403750964,1
50,NJ,0,before,1,0,22.8219377366096,0,wendys,4.479969411251204,3.459457678895129,1
50,NJ,1,after,1,1,28.73069280582572,1,wendys,4.449616162536885,3.5954436374020995,1
51,NJ,0,before,1,0,20.76763523953601,0,bk,4.183219821055178,3.1353915804942947,1
51,NJ,1,after,1,1,25.07500397248115,1,wendys,5.153492003664869,3.347227578863253,1
52,NJ,0,before,1,0,23.810081447929168,0,wendys,4.680626657901338,2.283471819542686,1
52,NJ,1,after,1,1,27.78615279354412,1,wendys,5.204514410914459,2.9643486968198403,1
53,NJ,0,before,1,0,12.694113443819848,0,bk,5.030573735328663,2.536273871693485,1
53,NJ,1,after,1,1,15.10264511263108,1,wendys,5.323765719545068,2.8346629590426575,1
54,NJ,0,before,1,0,27.10335579164684,0,roys,4.933018997965259,2.374026411250679,1
54,NJ,1,after,1,1,20.37063953196106,1,wendys,4.3038048408886995,2.458826896034816,1
55,NJ,0,before,1,0,17.567323941447356,0,roys,4.353057424178379,2.764712141935571,1
55,NJ,1,after,1,1,19.828258017772495,1,wendys,4.091285528700145,3.422854378071364,1
56,NJ,0,before,1,0,24.55641910818754,0,wendys,4.142915149413397,3.1626622693722735,1
56,NJ,1,after,1,1,22.64956616546974,1,kfc,4.6518472077616595,3.869116040474428,1
57,NJ,0,before,1,0,22.030145805016748,0,roys,4.7383113287744685,3.2428338222316913,1
57,NJ,1,after,1,1,27.67062434736429,1,wendys,4.09903298275671,3.675637723683257,1
58,NJ,0,before,1,0,21.54825058706712,0,wendys,4.33409899065718,3.55520165118827,1
58,NJ,1,after,1,1,23.35896892304073,1,bk,4.338343919136185,3.978578210560979,1
59,NJ,0,before,1,0,15.57987407869386,0,wendys,4.787455786887229,2.3443276064486467,1
59,NJ,1,after,1,1,31.92543664104088,1,kfc,4.230139424458813,2.865885569922084,1
60,NJ,0,before,1,0,20.432505497356892,0,kfc,5.209673923555484,3.368099995360748,1
60,NJ,1,after,1,1,25.186340821755973,1,kfc,4.933836714470557,3.6394299640116303,1
61,NJ,0,before,1,0,16.044938012645115,0,roys,4.201033919330866,2.7605031036460628,1
61,NJ,1,after,1,1,9.78289439805638,1,roys,4.347308582230138,3.7731348062550385,1
62,NJ,0,before,1,0,21.65837599658115,0,bk,4.733171903285068,2.7559317665140437,1
62,NJ,1,after,1,1,23.676688788736744,1,wendys,5.4604142698559075,2.4528217971715014,1
63,NJ,0,before,1,0,15.666244022635452,0,wendys,5.171788650459733,3.8176237679702743,1
63,NJ,1,after,1,1,25.145026350559736,1,kfc,4.603189956252575,3.929505220332104,1
64,NJ,0,before,1,0,17.551866841196265,0,roys,4.14918348982092,3.621511510500179,1
64,NJ,1,after,1,1,14.786224773223974,1,bk,4.1297004320533555,2.4744583341933524,1
65,NJ,0,before,1,0,19.684679745101437,0,kfc,5.416449916625444,2.1805463594216805,1
65,NJ,1,after,1,1,15.812691662231302,1,kfc,5.349971345778918,2.8461543738967636,1
66,NJ,0,before,1,0,16.219780535586928,0,bk,4.78359375872321,3.009595915802948,1
66,NJ,1,after,1,1,26.55435045464519,1,roys,4.897332117345398,2.3053008936963177,1
67,NJ,0,before,1,0,10.833199579740814,0,kfc,5.283626358532473,2.8533367000793515,1
67,NJ,1,after,1,1,29.513775353150677,1,roys,5.196867509762486,3.892765164080642,1
68,NJ,0,before,1,0,16.220772873661105,0,wendys,4.127527306380359,3.57610035477082,1
68,NJ,1,after,1,1,23.157505700402748,1,bk,4.013800986207787,3.1018255617679715,1
69,NJ,0,before,1,0,12.9416354398775,0,kfc,4.852905202708343,2.869571707933909,1
69,NJ,1,after,1,1,26.435080212570817,1,wendys,4.553174440418478,3.079545133108258,1
70,NJ,0,before,1,0,25.575460095926104,0,wendys,4.559490553208497,3.1259068756141764,1
70,NJ,1,after,1,1,21.763506145284623,1,wendys,4.26335886869672,3.3177738774238454,1
71,NJ,0,before,1,0,12.630873013363043,0,wendys,4.471101683639505,3.51951416067621,1
71,NJ,1,after,1,1,26.235381648387374,1,wendys,5.369429025601297,2.300787174507475,1
72,NJ,0,before,1,0,13.39654966390319,0,bk,5.347993117012613,2.831769700456565,1
72,NJ,1,after,1,1,29.76602508927453,1,bk,4.554147062983979,2.1083669395029867,1
73,NJ,0,before,1,0,18.92980530467207,0,wendys,4.617479427828862,2.4272962140035244,1
73,NJ,1,after,1,1,22.74623021660456,1,kfc,5.0164702899752145,2.04969722541063,1
74,NJ,0,before,1,0,21.06243062530739,0,wendys,5.163809319864722,3.932703155842562,1
74,NJ,1,after,1,1,7.827784300046708,1,kfc,4.131316153049933,2.5082743551492177,1
75,NJ,0,before,1,0,9.37084993994652,0,bk,4.367360372631559,3.98190773442468,1
75,NJ,1,after,1,1,22.011405148624153,1,bk,4.873443116157095,3.0856517187889954,1
76,NJ,0,before,1,0,16.925274177264587,0,bk,5.3903228606621205,3.688688207524198,1
76,NJ,1,after,1,1,23.611974242755497,1,bk,5.229396599131955,3.6840922817157793,1
77,NJ,0,before,1,0,15.208043657510096,0,bk,4.679618957907263,3.1265492772934302,1
77,NJ,1,after,1,1,16.96256262897726,1,bk,5.264310952965001,3.157105954904484,1
78,NJ,0,before,1,0,21.92618079819789,0,bk,5.08999149644491,3.6661493400148872,1
78,NJ,1,after,1,1,20.6011844636246,1,wendys,4.3945546786771414,3.683172645261366,1
79,NJ,0,before,1,0,17.687717891720773,0,kfc,4.432848404122456,3.2615435401158024,1
79,NJ,1,after,1,1,20.90156950125866,1,roys,4.755597479226858,3.077215891205348,1
80,NJ,0,before,1,0,11.774438079892017,0,bk,4.495082815624993,2.519104911805816,1
80,NJ,1,after,1,1,27.392855886299262,1,bk,4.4135253221937,3.302674206078211,1
81,NJ,0,before,1,0,27.039478747628618,0,kfc,5.020755248219494,3.293182044242778,1
81,NJ,1,after,1,1,14.939718832713972,1,roys,4.496124956516296,3.8454183027058386,1
82,NJ,0,before,1,0,15.84894283333551,0,wendys,4.528451133464875,2.2326513810402018,1
82,NJ,1,after,1,1,26.8349828194045,1,bk,4.43819327525624,2.5063492687080724,1
83,NJ,0,before,1,0,34.33831674758611,0,kfc,5.431084428101648,3.526287798092363,1
83,NJ,1,after,1,1,22.4674895488951,1,wendys,4.68987867924191,2.277612182973503,1
84,NJ,0,before,1,0,14.4775420317006,0,roys,5.027739566963276,3.4700687674448805,1
84,NJ,1,after,1,1,26.159885154120897,1,roys,4.909996243029928,3.198710307545489,1
85,NJ,0,before,1,0,16.398073275472665,0,wendys,4.53295850916053,3.348018125692529,1
85,NJ,1,after,1,1,22.59406590919433,1,wendys,5.367500907053472,2.694923210265838,1
86,NJ,0,before,1,0,15.59065182186778,0,kfc,5.37034583629647,3.7180246867171434,1
86,NJ,1,after,1,1,31.3253955331938,1,wendys,5.038936490633799,3.426809396136703,1
87,NJ,0,before,1,0,16.664931395761553,0,kfc,4.1669950411937755,3.7857521281954103,1
87,NJ,1,after,1,1,21.828986473499892,1,kfc,4.81025366406706,2.3847246069009653,1
88,NJ,0,before,1,0,18.667089223767107,0,roys,4.2176798112612195,2.8614840157531827,1
88,NJ,1,after,1,1,19.316177309252748,1,wendys,5.036332792603172,2.726807124790612,1
89,NJ,0,before,1,0,27.613975582647512,0,kfc,4.515362846259143,2.569503297624941,1
89,NJ,1,after,1,1,31.873591005719337,1,roys,5.430813249734911,3.57323323550009,1
90,NJ,0,before,1,0,20.78903906842604,0,wendys,4.8075735719640535,2.4070343575867614,1
90,NJ,1,after,1,1,28.374382888996,1,kfc,5.376529109889698,2.4532842155353687,1
91,NJ,0,before,1,0,14.60335791964797,0,bk,4.536436053146676,2.4161517367359613,1
91,NJ,1,after,1,1,17.231259845010896,1,roys,4.523803040810119,3.0879011930201683,1
92,NJ,0,before,1,0,19.67080342042755,0,wendys,5.469830510419233,2.3729252021502507,1
92,NJ,1,after,1,1,23.591730766866352,1,kfc,4.976406214969301,2.175512283539628,1
93,NJ,0,before,1,0,19.76439111324528,0,kfc,4.254506263733189,2.3838553135001685,1
93,NJ,1,after,1,1,14.525539977151553,1,roys,5.35658536924255,2.6704642232569444,1
94,NJ,0,before,1,0,12.764454810495245,0,bk,4.5335178837796555,2.6745749451798817,1
94,NJ,1,after,1,1,17.615715098901454,1,kfc,4.367527989088386,3.5146899835202454,1
95,NJ,0,before,1,0,26.455821987996575,0,roys,4.937049303934755,3.5748645782660766,1
95,NJ,1,after,1,1,26.40291419253707,1,roys,4.839299298042176,2.889729089181148,1
96,NJ,0,before,1,0,17.757460795877638,0,kfc,4.1320221551814225,3.1737667851955336,1
96,NJ,1,after,1,1,14.528434908993052,1,wendys,4.360721870993298,3.497033928444219,1
97,NJ,0,before,1,0,8.556883914166136,0,kfc,4.175193260995924,3.1636444917619704,1
97,NJ,1,after,1,1,20.66560011990623,1,kfc,4.299734983977997,2.3042865135954953,1
98,NJ,0,before,1,0,25.129696032471813,0,kfc,4.85475398467987,3.640805929836835,1
98,NJ,1,after,1,1,16.782359721396876,1,bk,5.257703365142846,3.86942763349199,1
99,NJ,0,before,1,0,25.681285614726505,0,roys,4.765297973783628,3.097072349953257,1
99,NJ,1,after,1,1,24.011188360788545,1,wendys,4.886149427986693,3.1872545556964607,1
100,NJ,0,before,1,0,18.652269158485353,0,kfc,5.051444229069086,2.624459899078261,1
100,NJ,1,after,1,1,20.28751724815889,1,wendys,4.8338406412330555,3.6490411794383024,1
101,NJ,0,before,1,0,19.262859191152593,0,roys,4.352002792466008,2.3645096342148797,1
101,NJ,1,after,1,1,18.63586533501857,1,bk,5.093470915864641,2.02397606904413,1
102,NJ,0,before,1,0,17.67418726690877,0,kfc,4.925385291295766,2.952797900968406,1
102,NJ,1,after,1,1,27.734151896846985,1,kfc,4.852216275752687,2.4578959255474766,1
103,NJ,0,before,1,0,25.72897791223998,0,bk,4.693762740444444,3.283764765682143,1
103,NJ,1,after,1,1,13.95877390279421,1,bk,4.953408554163042,2.3797253146048516,1
104,NJ,0,before,1,0,22.550962701977753,0,wendys,4.482768142613771,2.511603623166583,1
104,NJ,1,after,1,1,26.76340018388814,1,roys,5.35109738567376,2.8343023278325306,1
105,NJ,0,before,1,0,27.254280762769675,0,bk,4.261937418270684,2.3853518413828,1
105,NJ,1,after,1,1,11.30729981023998,1,bk,5.037745928670879,3.0137484392268052,1
106,NJ,0,before,1,0,25.212662506963905,0,wendys,5.177611500942308,3.552673774471188,1
106,NJ,1,after,1,1,20.746098580793667,1,kfc,4.465016095117835,3.06999740622161,1
107,NJ,0,before,1,0,15.216113778004225,0,wendys,4.979898444399194,3.799129008712972,1
107,NJ,1,after,1,1,18.559867329003012,1,kfc,4.182533720447682,2.012115910193054,1
108,NJ,0,before,1,0,13.913222293982669,0,roys,4.8460408750682085,3.619700536474884,1
108,NJ,1,after,1,1,18.035383589686653,1,kfc,4.6047325402191435,2.3489996020213173,1
109,NJ,0,before,1,0,33.361204869391145,0,kfc,5.230871027822711,3.746390355920021,1
109,NJ,1,after,1,1,24.189240872334494,1,bk,4.657768006888994,2.2108243972595174,1
110,NJ,0,before,1,0,30.887115593695007,0,kfc,4.943933105102367,2.3114560182151713,1
110,NJ,1,after,1,1,21.114291830526817,1,wendys,4.663993763789296,2.954623324096646,1
111,NJ,0,before,1,0,16.991834809575145,0,kfc,4.612154455207346,3.202773767739168,1
111,NJ,1,after,1,1,19.944341311673934,1,roys,5.043192633029325,2.0777085706326455,1
112,NJ,0,before,1,0,26.69495649193876,0,wendys,4.9729993106564425,3.2916688821177256,1
112,NJ,1,after,1,1,18.30582091619307,1,roys,4.335286188216935,3.511935890534368,1
113,NJ,0,before,1,0,21.602700178682827,0,kfc,5.273083250986845,2.2662261172311915,1
113,NJ,1,after,1,1,23.587113838435,1,roys,4.281983128275289,3.1639956259629054,1
114,NJ,0,before,1,0,15.937125005395568,0,wendys,4.336461863475408,2.5841612065745476,1
114,NJ,1,after,1,1,20.738676323485674,1,wendys,4.467222111713831,3.774992257293835,1
115,NJ,0,before,1,0,17.277995507563983,0,roys,4.409712187489522,3.323840636870663,1
115,NJ,1,after,1,1,19.623826285272045,1,kfc,5.24030324054213,2.5536811788718827,1
116,NJ,0,before,1,0,23.38398000901075,0,roys,4.211794106408715,2.5193505924026343,1
116,NJ,1,after,1,1,27.299832177479608,1,bk,5.4417502523077115,2.760287481280626,1
117,NJ,0,before,1,0,14.262106361122452,0,kfc,5.08202596016014,3.3277255940920454,1
117,NJ,1,after,1,1,28.24842293686423,1,bk,5.074328671624269,2.469017720149766,1
118,NJ,0,before,1,0,24.709301672116116,0,kfc,4.975309602057957,3.9937278308393265,1
118,NJ,1,after,1,1,19.225193700368663,1,kfc,4.325339169797054,3.128811327455148,1
119,NJ,0,before,1,0,25.21446950214426,0,wendys,4.827979447379536,3.672315863623174,1
119,NJ,1,after,1,1,23.45546595488256,1,bk,4.070736288297672,2.3777715200327605,1
120,NJ,0,before,1,0,24.63900811055232,0,roys,5.184551234370294,3.396328002652319,1
120,NJ,1,after,1,1,14.644380301657376,1,roys,4.004699663234834,2.554141950632619,1
121,NJ,0,before,1,0,6.17621404619214,0,bk,4.546228239045345,2.375731079735009,1
121,NJ,1,after,1,1,20.01811897670789,1,bk,4.836904935631529,2.0229427421412347,1
122,NJ,0,before,1,0,19.216235048041607,0,roys,4.8872527683966664,3.411125394432463,1
122,NJ,1,after,1,1,24.097270642941147,1,wendys,4.212393527676963,2.886074181555018,1
123,NJ,0,before,1,0,18.09116313098501,0,wendys,4.194761904125559,3.5132822210353805,1
123,NJ,1,after,1,1,22.944273233883575,1,kfc,4.24811473175111,3.2491266127273235,1
124,NJ,0,before,1,0,15.651446183256263,0,bk,4.08484664376831,2.619915261898546,1
124,NJ,1,after,1,1,23.59250191281522,1,bk,5.306257999603583,2.496240393174676,1
125,NJ,0,before,1,0,22.55935481494508,0,bk,5.085727910462645,2.090602136623333,1
125,NJ,1,after,1,1,26.714468497413733,1,wendys,4.065716082827561,2.4512684230176034,1
126,NJ,0,before,1,0,19.0857424194972,0,kfc,4.724656914335197,3.9635698843404974,1
126,NJ,1,after,1,1,19.886000576177157,1,wendys,5.438094527878803,3.898671940435797,1
127,NJ,0,before,1,0,26.874925205675066,0,kfc,5.4081756082424395,3.1304873211504587,1
127,NJ,1,after,1,1,15.476536953321109,1,wendys,4.0874989243148905,3.686386070000976,1
128,NJ,0,before,1,0,22.78817339835304,0,kfc,4.267311394149335,3.2676296075502886,1
128,NJ,1,after,1,1,16.280749936661874,1,kfc,4.9012060926159675,3.6860920685372207,1
129,NJ,0,before,1,0,31.36701166552546,0,kfc,4.632119477053501,2.659118154523208,1
129,NJ,1,after,1,1,18.941473047123004,1,bk,4.303239984461244,2.787939943239393,1
130,NJ,0,before,1,0,18.809823150852367,0,bk,4.067674813689749,3.4805336514129177,1
130,NJ,1,after,1,1,24.67430345975143,1,bk,4.888544689073513,2.9862045163033892,1
131,NJ,0,before,1,0,25.199352376639904,0,wendys,4.344830762807201,2.1695420972012656,1
131,NJ,1,after,1,1,16.238325447760932,1,roys,4.303235363780544,2.6713049530893658,1
132,NJ,0,before,1,0,26.144262030552053,0,wendys,4.635685542381285,2.6620771286685514,1
132,NJ,1,after,1,1,23.934093287548116,1,bk,5.49330091787669,3.011921068257103,1
133,NJ,0,before,1,0,24.058862703908048,0,bk,4.5373681332281866,2.564203998059304,1
133,NJ,1,after,1,1,23.351834089443177,1,kfc,4.058267653621281,3.664077077700159,1
134,NJ,0,before,1,0,19.41387612983403,0,wendys,4.567780823297796,2.86529079290166,1
134,NJ,1,after,1,1,19.53072080344834,1,kfc,4.72324690058473,2.3549050360556953,1
135,NJ,0,before,1,0,14.30530895779908,0,kfc,4.497263045195852,2.608859543745898,1
135,NJ,1,after,1,1,27.37076445164968,1,roys,4.725422101388591,3.1076731529783865,1
136,NJ,0,before,1,0,24.31620128842991,0,roys,5.026744728234375,3.7140411706151415,1
136,NJ,1,after,1,1,22.03773851761729,1,bk,5.240584521497798,3.8772529821434008,1
137,NJ,0,before,1,0,12.638454644560412,0,kfc,4.668225318479864,2.7659682623932813,1
137,NJ,1,after,1,1,23.819386356850583,1,bk,4.343972057137458,2.5783822608345206,1
138,NJ,0,before,1,0,20.62301265486951,0,kfc,4.275232036427916,3.105940313155757,1
138,NJ,1,after,1,1,18.028900678916745,1,bk,5.476810066603669,3.2622597087081404,1
139,NJ,0,before,1,0,27.549560795225396,0,roys,4.2405252403360345,3.1478539951331848,1
139,NJ,1,after,1,1,21.139106305677807,1,bk,4.872243393983967,2.5863402512863916,1
140,NJ,0,before,1,0,18.006423902920748,0,bk,4.000769728070811,3.695680754803476,1
140,NJ,1,after,1,1,24.645424881089628,1,bk,5.0300534800551,2.4668242250244763,1
141,NJ,0,before,1,0,16.093839667035297,0,wendys,4.08083339995707,3.055471461576448,1
141,NJ,1,after,1,1,30.38830327597185,1,bk,5.449698615309306,3.897741906077365,1
142,NJ,0,before,1,0,14.722348840867785,0,bk,5.382617475783315,2.4649566817643818,1
142,NJ,1,after,1,1,26.788593682874968,1,roys,5.429528762815293,3.8059524385693706,1
143,NJ,0,before,1,0,33.76462809950296,0,roys,4.534174204705074,3.2860992171922727,1
143,NJ,1,after,1,1,25.601171706583635,1,roys,4.045239946766525,2.338724347576658,1
144,NJ,0,before,1,0,17.500052659301637,0,roys,4.093080310140546,3.290399173495409,1
144,NJ,1,after,1,1,18.51833274727936,1,wendys,5.303548504802336,2.672010667521719,1
145,NJ,0,before,1,0,24.0332800485807,0,wendys,5.254724766943339,3.4561336073021858,1
145,NJ,1,after,1,1,18.183221189053363,1,roys,5.3945973592027645,3.733644770029118,1
146,NJ,0,before,1,0,16.242081432421895,0,kfc,5.277383443855742,2.8459396950499833,1
146,NJ,1,after,1,1,21.103680135621584,1,roys,4.951654823778916,2.3597759166669228,1
147,NJ,0,before,1,0,12.604294984986698,0,wendys,4.294767518818184,3.5363515290303114,1
147,NJ,1,after,1,1,25.1126880074025,1,kfc,4.150803792128256,3.836367166722848,1
148,NJ,0,before,1,0,17.297304534255854,0,bk,4.513055707893283,3.469314935049059,1
148,NJ,1,after,1,1,19.05897752516144,1,wendys,4.0130816906888285,2.314518802793426,1
149,NJ,0,before,1,0,13.584122222734974,0,wendys,4.035361085484649,3.4686170421052687,1
149,NJ,1,after,1,1,24.39644624206422,1,wendys,4.295382551007186,2.3913464040579364,1
150,NJ,0,before,1,0,24.196654797504763,0,bk,4.321108525591891,2.6839007155983574,1
150,NJ,1,after,1,1,23.88402608204064,1,kfc,5.014091024834153,2.4054830942448695,1
151,NJ,0,before,1,0,22.449822457810168,0,kfc,4.3602861022697255,2.5687507316427824,1
151,NJ,1,after,1,1,21.74072145873167,1,kfc,5.075900394355348,3.096069143929522,1
152,NJ,0,before,1,0,23.30992502224348,0,kfc,4.731070135102629,3.860145425389077,1
152,NJ,1,after,1,1,28.312060535658837,1,kfc,5.466289987427883,3.192483598173396,1
153,NJ,0,before,1,0,22.750507385478173,0,bk,4.128981977781943,2.994306277819021,1
153,NJ,1,after,1,1,27.635745724387597,1,kfc,4.445631273182723,3.788422169141336,1
154,NJ,0,before,1,0,19.99556290113834,0,bk,4.065821311790245,3.031121738939035,1
154,NJ,1,after,1,1,23.739526158042924,1,kfc,4.171124255542019,3.31470775351978,1
155,NJ,0,before,1,0,24.24927713607709,0,roys,5.234669219818662,3.529691150570342,1
155,NJ,1,after,1,1,21.374511075160505,1,roys,4.145676100058624,3.5011080782587944,1
156,NJ,0,before,1,0,25.658373809596505,0,bk,4.620674498554561,3.348719713817339,1
156,NJ,1,after,1,1,20.837941390751293,1,roys,4.764688947149418,3.8952674122930087,1
157,NJ,0,before,1,0,15.098791542294022,0,kfc,4.947197583595109,3.0113703329363473,1
157,NJ,1,after,1,1,25.440468760776323,1,kfc,5.026608474250059,3.3829125160255407,1
158,NJ,0,before,1,0,18.68807762514436,0,kfc,5.419514217883863,3.5862570542783843,1
158,NJ,1,after,1,1,35.09294085880246,1,kfc,4.770195674847829,2.460390932738096,1
159,NJ,0,before,1,0,25.228373367216182,0,kfc,4.354756854236118,2.7887320980761587,1
159,NJ,1,after,1,1,19.15552264250108,1,kfc,4.639258354897591,2.4429466203607095,1
160,NJ,0,before,1,0,20.052273409488883,0,kfc,4.001632939429982,2.7482812790920153,1
160,NJ,1,after,1,1,28.505021643994137,1,roys,4.620258105704759,2.6768946754410585,1
161,NJ,0,before,1,0,9.041382466332095,0,wendys,5.198194067955114,3.759364020377782,1
161,NJ,1,after,1,1,16.501489982598077,1,roys,4.578495977747509,3.4561667810751646,1
162,NJ,0,before,1,0,23.23515641987617,0,roys,5.173713542233202,2.120525044669227,1
162,NJ,1,after,1,1,29.81228505380935,1,kfc,5.306650638909845,3.8930824095688505,1
163,NJ,0,before,1,0,14.973041882865568,0,roys,4.5188369874802135,2.246910552265062,1
163,NJ,1,after,1,1,21.11623876376999,1,wendys,5.3049760534133,2.4704754212009195,1
164,NJ,0,before,1,0,26.375087436535058,0,bk,4.971809840181602,2.514562133026416,1
164,NJ,1,after,1,1,20.23126896603994,1,roys,5.336804934639364,2.4695810194629577,1
165,NJ,0,before,1,0,26.58777016077884,0,kfc,4.929268065402736,3.3030693423208555,1
165,NJ,1,after,1,1,24.82275193980745,1,kfc,4.4396673811276814,3.800293069101582,1
166,NJ,0,before,1,0,18.027809955308516,0,kfc,4.673085005708724,3.5328621728497343,1
166,NJ,1,after,1,1,11.16486446716142,1,wendys,4.6089745581891925,3.857122603400329,1
167,NJ,0,before,1,0,26.041651082007803,0,roys,4.935171037625578,3.4773561943776174,1
167,NJ,1,after,1,1,25.735654279346527,1,roys,5.222271907804879,2.9914181206649113,1
168,NJ,0,before,1,0,28.99945099327423,0,kfc,5.396516769958654,2.798358911089657,1
168,NJ,1,after,1,1,27.015968142349863,1,wendys,5.149606775652138,3.2589464430928627,1
169,NJ,0,before,1,0,15.050253813333416,0,wendys,4.165900705356713,3.915112730218131,1
169,NJ,1,after,1,1,22.439084096548445,1,roys,4.200532677492954,3.2506306812313257,1
170,NJ,0,before,1,0,18.07886607312757,0,kfc,4.823184952450911,3.1684376327873656,1
170,NJ,1,after,1,1,31.20817159848255,1,wendys,5.464341028503459,3.6221256744582497,1
171,NJ,0,before,1,0,13.051240743526495,0,bk,5.463675793346683,3.81146057249739,1
171,NJ,1,after,1,1,18.87067852161053,1,kfc,4.0706847581278245,3.940609019340828,1
172,NJ,0,before,1,0,12.193775878900214,0,kfc,4.230449920194485,2.7070005410011504,1
172,NJ,1,after,1,1,27.044305204749513,1,roys,4.314188706104135,3.146804609093058,1
173,NJ,0,before,1,0,25.08025152556085,0,bk,5.315362425240605,3.855892804906124,1
173,NJ,1,after,1,1,26.148820602558477,1,kfc,4.481682359714792,2.231871634685453,1
174,NJ,0,before,1,0,20.09981194275355,0,roys,4.036608552207355,2.309741032452308,1
174,NJ,1,after,1,1,25.680674860379145,1,roys,4.741063859585559,3.8091791165241102,1
175,NJ,0,before,1,0,23.492511989979857,0,kfc,4.749978226245848,2.756675790783876,1
175,NJ,1,after,1,1,26.636997061368582,1,roys,4.079316732602245,2.5634927481644536,1
176,NJ,0,before,1,0,22.44979506653666,0,wendys,4.349025545842473,3.6381112852931894,1
176,NJ,1,after,1,1,23.67171891848735,1,kfc,5.2771795535369925,2.0296860948968902,1
177,NJ,0,before,1,0,17.683171867510246,0,kfc,4.662369927872252,2.2139360483959365,1
177,NJ,1,after,1,1,22.132530601637587,1,roys,4.938893786619366,3.524240391148399,1
178,NJ,0,before,1,0,24.07467322871813,0,wendys,5.140401947030778,2.808957204956823,1
178,NJ,1,after,1,1,26.48100598032833,1,roys,4.5486715740665975,3.3131282275486607,1
179,NJ,0,before,1,0,15.154976670062254,0,bk,4.627514355899886,3.144301644441881,1
179,NJ,1,after,1,1,21.333512290516843,1,wendys,4.2754050415851115,3.7600143951834,1
180,NJ,0,before,1,0,21.438273665080693,0,bk,4.531265201873939,3.285639648608602,1
180,NJ,1,after,1,1,28.447015444717625,1,bk,4.139829296427574,3.264380969047618,1
181,NJ,0,before,1,0,19.762195722693203,0,kfc,4.387533171251764,3.318921044527582,1
181,NJ,1,after,1,1,26.524950226746956,1,bk,4.955774297244894,2.635915396950728,1
182,NJ,0,before,1,0,17.50729084274788,0,bk,5.488346096465191,2.073913326452324,1
182,NJ,1,after,1,1,22.488055842077184,1,bk,5.169544304566527,3.65916682998685,1
183,NJ,0,before,1,0,22.638227409511664,0,roys,4.314557948489399,3.950149131654829,1
183,NJ,1,after,1,1,22.40754053036787,1,kfc,5.454149052632675,2.9409040552033066,1
184,NJ,0,before,1,0,19.733218554118373,0,roys,5.4838042429275475,3.0935539288334866,1
184,NJ,1,after,1,1,21.629506290416273,1,wendys,5.166668065929513,2.791360011722838,1
185,NJ,0,before,1,0,22.531874767221773,0,bk,4.024363473374595,3.2840281671098994,1
185,NJ,1,after,1,1,23.966267080508445,1,kfc,4.268442941198375,3.8734882261560495,1
186,NJ,0,before,1,0,17.43814577030335,0,roys,5.0492632249655305,2.5511985290151635,1
186,NJ,1,after,1,1,21.286610404989457,1,roys,4.680895835078714,3.3742496570071014,1
187,NJ,0,before,1,0,29.261244517733157,0,wendys,5.1858596959324155,3.9803071233598457,1
187,NJ,1,after,1,1,22.90408638767341,1,roys,4.282721352665128,2.2034011332520795,1
188,NJ,0,before,1,0,24.59645865215806,0,kfc,5.283148784701171,3.789659972869385,1
188,NJ,1,after,1,1,28.757131739568827,1,kfc,4.25331879428173,3.5151221550682306,1
189,NJ,0,before,1,0,22.503916971960724,0,wendys,5.188048273145,2.4742334817347467,1
189,NJ,1,after,1,1,19.293078976157982,1,bk,4.330788386852227,2.6851210852729155,1
190,NJ,0,before,1,0,30.288401758388652,0,bk,4.816721560126449,2.439671437014919,1
190,NJ,1,after,1,1,26.056564154726427,1,bk,4.648992524585132,2.9353226573875917,1
191,NJ,0,before,1,0,20.847534004459007,0,roys,4.959511509856294,2.430510222432617,1
191,NJ,1,after,1,1,15.81333178850344,1,bk,4.395436364180699,2.8432050867395366,1
192,NJ,0,before,1,0,22.258066545496224,0,wendys,4.110038016847442,3.415975501646239,1
192,NJ,1,after,1,1,29.835568958924792,1,bk,4.161534247458143,2.251908873377962,1
193,NJ,0,before,1,0,16.464823817287076,0,bk,4.23897535868898,2.828958093286148,1
193,NJ,1,after,1,1,20.839876128744624,1,roys,4.852905110058568,2.0944487064944637,1
194,NJ,0,before,1,0,22.63502010043072,0,bk,4.882338884503453,3.661547777653129,1
194,NJ,1,after,1,1,8.424542474599168,1,wendys,5.0151156424827805,3.714133712803722,1
195,NJ,0,before,1,0,22.94062845258269,0,wendys,5.244700523871959,2.896830921705577,1
195,NJ,1,after,1,1,22.812170040708203,1,roys,5.191329373144653,2.699196671211467,1
196,NJ,0,before,1,0,16.139457717154336,0,wendys,4.852866646888248,2.8377499779663227,1
196,NJ,1,after,1,1,22.689150817552953,1,wendys,4.8834744048775605,2.3497250575133073,1
197,NJ,0,before,1,0,7.389574731794484,0,roys,5.144680189927474,3.0896183435185782,1
197,NJ,1,after,1,1,25.51494555414744,1,wendys,5.369464006304696,2.6887514471662763,1
198,NJ,0,before,1,0,15.322604124815934,0,kfc,4.630475149898611,2.573478395452867,1
198,NJ,1,after,1,1,25.799564969261606,1,bk,4.086785475297833,2.0640974070566687,1
199,NJ,0,before,1,0,20.66321806104581,0,wendys,4.226699829955313,3.29294456673071,1
199,NJ,1,after,1,1,20.70467692263784,1,roys,5.4471365535572795,2.469873100896681,1
200,NJ,0,before,1,0,18.559786065830288,0,kfc,4.015227803507719,3.267158693722913,1
200,NJ,1,after,1,1,21.44378330575115,1,kfc,4.419066989216834,3.3185740946541573,1
201,PA,0,before,0,0,15.748261744139295,0,wendys,5.230744219621166,2.482736923523199,0
201,PA,1,after,0,1,24.093500379336227,0,wendys,4.217519894030821,3.9344659794561574,0
202,PA,0,before,0,0,12.319199306114529,0,roys,4.005072983985399,3.353989833605721,0
202,PA,1,after,0,1,18.827759110082624,0,kfc,4.67200897468998,3.9561746043967503,0
203,PA,0,before,0,0,18.503352495877945,0,bk,4.40343135866987,3.452606973449276,0
203,PA,1,after,0,1,19.092770701104076,0,wendys,4.677684219297098,3.449958401265271,0
204,PA,0,before,0,0,16.963568448893025,0,roys,5.440894440545699,3.8762419162087545,0
204,PA,1,after,0,1,17.6674590491265,0,wendys,5.47452406102176,3.3345181022850965,0
205,PA,0,before,0,0,15.04975106999284,0,roys,4.8641536163165195,2.6826281001635985,0
205,PA,1,after,0,1,19.893762205505215,0,roys,4.61277951865334,3.9712604146897386,0
206,PA,0,before,0,0,11.691759398908529,0,wendys,4.131347902078182,3.627515970477005,0
206,PA,1,after,0,1,11.524349411842383,0,kfc,5.415314098881314,2.083182149826701,0
207,PA,0,before,0,0,27.13666004027234,0,bk,4.7531471426764,3.637562526691824,0
207,PA,1,after,0,1,12.577406863849438,0,bk,4.374915724465648,3.5044465557293094,0
208,PA,0,before,0,0,26.570204567155656,0,kfc,4.543042910376637,2.752473736868215,0
208,PA,1,after,0,1,12.838018750811925,0,bk,4.306206540745112,2.1146449451746783,0
209,PA,0,before,0,0,15.73843681112187,0,kfc,4.940778755288738,2.7172106866395302,0
209,PA,1,after,0,1,17.649641180101934,0,kfc,4.44825743281762,2.424956639593141,0
210,PA,0,before,0,0,17.274578722320776,0,bk,5.260942718933288,2.997211053632459,0
210,PA,1,after,0,1,22.31513024806672,0,kfc,4.896421261384297,2.365839879715823,0
211,PA,0,before,0,0,10.904561156421224,0,bk,4.503007005643296,2.471293398251204,0
211,PA,1,after,0,1,25.88769154599896,0,wendys,4.231312009514561,3.0363339107144203,0
212,PA,0,before,0,0,21.238046860212755,0,roys,5.298443466578028,2.5981618587086786,0
212,PA,1,after,0,1,15.999887430891125,0,bk,4.938161147546131,3.669818296027119,0
213,PA,0,before,0,0,17.16456131009975,0,wendys,4.5283160451797935,2.832271379828677,0
213,PA,1,after,0,1,19.263428936235886,0,wendys,5.471030989430391,3.722353338543995,0
214,PA,0,before,0,0,25.003216685506505,0,wendys,4.997871324732757,3.331913290566054,0
214,PA,1,after,0,1,25.3647083057896,0,wendys,4.745606772632579,2.58016803287796,0
215,PA,0,before,0,0,19.49948582099123,0,bk,5.410373257145921,3.852339357028648,0
215,PA,1,after,0,1,22.79444778927018,0,wendys,5.4786961338267695,3.493229704040309,0
216,PA,0,before,0,0,16.750842127525605,0,wendys,4.827714000388865,2.5484984365891785,0
216,PA,1,after,0,1,17.55368886765718,0,kfc,4.827910845948821,2.712133828543541,0
217,PA,0,before,0,0,11.672575456873112,0,roys,5.291479990018282,2.4562474763240365,0
217,PA,1,after,0,1,16.119695640488267,0,kfc,4.32644208289911,3.672139997772283,0
218,PA,0,before,0,0,17.314069492206816,0,bk,5.153659890845434,3.4512271701486577,0
218,PA,1,after,0,1,18.74412129812088,0,bk,4.519322156388154,2.175880888877739,0
219,PA,0,before,0,0,14.957556907893576,0,bk,4.769744934938613,3.237600976158708,0
219,PA,1,after,0,1,13.578961948044226,0,roys,4.822475097711464,3.497218053263362,0
220,PA,0,before,0,0,21.22420887205265,0,wendys,5.367481701026671,3.4406300297129357,0
220,PA,1,after,0,1,13.839448132773883,0,roys,4.626834760395573,3.568820650583376,0
221,PA,0,before,0,0,20.303099721428023,0,kfc,5.480884557617,3.0044852841255567,0
221,PA,1,after,0,1,23.323598487384483,0,wendys,4.8543599779854425,2.9116091688299104,0
222,PA,0,before,0,0,20.67504242313247,0,bk,5.362282223003703,2.6128823118136673,0
222,PA,1,after,0,1,16.037877582619497,0,kfc,5.330921580818749,3.531047392241714,0
223,PA,0,before,0,0,17.391396827283454,0,bk,4.396795788207947,2.4642957216351773,0
223,PA,1,after,0,1,19.034431202173295,0,bk,5.335599430730243,3.7962673970259746,0
224,PA,0,before,0,0,15.090338120852875,0,bk,4.032626768057918,2.213154514059519,0
224,PA,1,after,0,1,17.244959079437596,0,roys,4.113554696940828,2.259778638664539,0
225,PA,0,before,0,0,15.529909452372769,0,wendys,5.0096833144611415,2.765522508796776,0
225,PA,1,after,0,1,16.769229005676454,0,kfc,4.16315560370367,3.091396020001944,0
226,PA,0,before,0,0,16.50304118761328,0,roys,5.382331268265119,3.4958259945282286,0
226,PA,1,after,0,1,13.751141605753778,0,wendys,4.854055276855537,3.6214621167876393,0
227,PA,0,before,0,0,13.157071006038452,0,bk,5.434537819103602,2.1700933450612836,0
227,PA,1,after,0,1,15.944432565029889,0,wendys,4.803466229489894,2.678344876321539,0
228,PA,0,before,0,0,17.065694981547885,0,bk,4.266495636672346,3.4657892075303876,0
228,PA,1,after,0,1,19.809421080941572,0,bk,4.221507078710882,3.4851872258996064,0
229,PA,0,before,0,0,14.567566047542162,0,roys,4.181422456315364,2.1878477084109367,0
229,PA,1,after,0,1,20.904586232885332,0,kfc,5.106035225901378,2.0091967455429947,0
230,PA,0,before,0,0,14.683689996052475,0,kfc,4.958378483829938,3.967802522832656,0
230,PA,1,after,0,1,11.553243815260007,0,wendys,4.952641626900135,3.532227553786921,0
231,PA,0,before,0,0,19.503975347736375,0,kfc,4.252661696990084,3.065137641536042,0
231,PA,1,after,0,1,20.884171081508107,0,bk,4.712773891406412,3.292279752056833,0
232,PA,0,before,0,0,21.624039238777865,0,kfc,4.022955335570077,3.5528037330263533,0
232,PA,1,after,0,1,20.939981087771933,0,bk,4.333808477640984,2.5100350195161076,0
233,PA,0,before,0,0,22.437625910889963,0,kfc,5.339245498332947,3.4831774326235547,0
233,PA,1,after,0,1,16.888482570794327,0,wendys,5.080194864929453,3.0984707131238745,0
234,PA,0,before,0,0,18.56963546840239,0,wendys,4.567034373240604,3.751105802589483,0
234,PA,1,after,0,1,17.925166855946298,0,roys,5.212244197259411,3.476297884087038,0
235,PA,0,before,0,0,25.641572469462417,0,roys,4.048728145370006,3.3809103050937175,0
235,PA,1,after,0,1,10.922274908215966,0,bk,4.662385575657772,3.900321576391901,0
236,PA,0,before,0,0,14.884356250967594,0,bk,5.260584500585018,3.4600079232802816,0
236,PA,1,after,0,1,13.739922284314336,0,roys,5.200995207877277,3.031062482909756,0
237,PA,0,before,0,0,20.02077327863181,0,bk,5.397650172673656,3.246795409212587,0
237,PA,1,after,0,1,11.780649522915146,0,bk,5.054725419564251,3.6190845039722985,0
238,PA,0,before,0,0,19.947853724778167,0,wendys,5.089622138410096,3.281930767550902,0
238,PA,1,after,0,1,20.43297961925942,0,roys,4.7773085993287605,3.1590859403364857,0
239,PA,0,before,0,0,16.263845068325452,0,bk,5.372612823348522,2.222272572945111,0
239,PA,1,after,0,1,19.898341271827192,0,bk,4.613833065400175,2.1144317355701263,0
240,PA,0,before,0,0,14.74672090526059,0,wendys,4.592797425224017,2.1056624090207414,0
240,PA,1,after,0,1,15.743589271775862,0,wendys,5.0675129778849195,3.1453192010545012,0
241,PA,0,before,0,0,23.34981807457597,0,kfc,5.019798473769467,2.780017857412619,0
241,PA,1,after,0,1,17.447461523150903,0,wendys,4.781830172842651,3.37974442961501,0
242,PA,0,before,0,0,19.6730936225706,0,wendys,4.2338264498993,2.6753782461986555,0
242,PA,1,after,0,1,23.33176915103217,0,kfc,5.450587153872977,2.1365009126857384,0
243,PA,0,before,0,0,16.972543608082283,0,wendys,4.724181422089219,3.318995395961439,0
243,PA,1,after,0,1,25.55506771962577,0,bk,5.0201511634545035,3.230894223788157,0
244,PA,0,before,0,0,16.90141312999345,0,wendys,4.9002359699044655,3.870178817456475,0
244,PA,1,after,0,1,15.22024104485354,0,bk,4.1061730886998555,2.2560697503023475,0
245,PA,0,before,0,0,19.03754282832239,0,kfc,4.883588813015338,2.2908718908889423,0
245,PA,1,after,0,1,16.135868966212417,0,wendys,4.409132723512913,2.06708930917678,0
246,PA,0,before,0,0,21.0975713255944,0,wendys,5.2792253801379765,2.341531662291429,0
246,PA,1,after,0,1,20.35950518237594,0,roys,5.251825965463301,2.177498888619171,0
247,PA,0,before,0,0,14.137306296367337,0,bk,4.412280506201413,3.3152568347361555,0
247,PA,1,after,0,1,19.320769606136754,0,wendys,4.364574593588234,2.938778902211647,0
248,PA,0,before,0,0,7.959705077489902,0,kfc,4.892376278145345,3.124661943811372,0
248,PA,1,after,0,1,16.639429293524387,0,bk,4.27047492436638,2.5244350257061483,0
249,PA,0,before,0,0,14.491489545559505,0,kfc,4.143269305172358,3.674100984589241,0
249,PA,1,after,0,1,11.402606316892063,0,kfc,4.367084945820183,3.21602801464931,0
250,PA,0,before,0,0,19.99060838685998,0,kfc,5.447790600939813,2.3910705959259495,0
250,PA,1,after,0,1,17.816440030969407,0,roys,4.172329131285469,2.741707806175601,0
251,PA,0,before,0,0,15.605604615852084,0,kfc,5.352016929166282,3.8807401893101865,0
251,PA,1,after,0,1,24.690279242824,0,bk,4.096388549595668,2.5531939983139416,0
252,PA,0,before,0,0,20.62404417049226,0,bk,4.4353658816769554,2.446124428074705,0
252,PA,1,after,0,1,23.70953797082371,0,roys,4.299227145979084,2.082516564424641,0
253,PA,0,before,0,0,20.444834869515105,0,wendys,4.601841615792817,3.6046270023819695,0
253,PA,1,after,0,1,11.64201171425397,0,wendys,4.474700184290116,3.7608870418172375,0
254,PA,0,before,0,0,23.446505960059675,0,bk,5.425151768843644,3.2930458107442577,0
254,PA,1,after,0,1,18.835785186538697,0,bk,4.318757555315137,3.8860583203844703,0
255,PA,0,before,0,0,21.347999765999944,0,wendys,5.063457401033915,3.1385773858869204,0
255,PA,1,after,0,1,22.26763966056935,0,wendys,5.381725805297441,2.9310014410091325,0
256,PA,0,before,0,0,15.246720237686688,0,bk,5.218376544216881,3.646553633940494,0
256,PA,1,after,0,1,15.744716288353995,0,wendys,5.460093887376045,2.7028307227216866,0
257,PA,0,before,0,0,20.863391432434632,0,wendys,4.962640244480576,2.353683005595136,0
257,PA,1,after,0,1,17.7245704835781,0,wendys,4.667694159153985,3.2685908436472264,0
258,PA,0,before,0,0,17.626624093125727,0,wendys,5.414337605024203,2.839304311903725,0
258,PA,1,after,0,1,24.786377023769948,0,roys,4.040174771696799,3.131981477145967,0
259,PA,0,before,0,0,13.292062646082655,0,kfc,5.455685377778159,2.0336976721195974,0
259,PA,1,after,0,1,22.00245781234497,0,kfc,5.070506291219814,3.103914457048182,0
260,PA,0,before,0,0,11.337974616673328,0,wendys,4.628328166447368,3.8601718784804793,0
260,PA,1,after,0,1,19.25946928804801,0,kfc,4.180210869213881,3.05661040679274,0
261,PA,0,before,0,0,24.1005547275311,0,bk,4.599633979732605,3.5372350587368775,0
261,PA,1,after,0,1,17.932667998171414,0,kfc,4.440006624664207,3.2925892501159755,0
262,PA,0,before,0,0,17.098286230399317,0,wendys,4.326723354348492,3.994225140639767,0
262,PA,1,after,0,1,7.76806302456629,0,bk,4.346326629843513,2.7974376893946076,0
263,PA,0,before,0,0,21.23962144225845,0,wendys,5.300937654987342,2.35378174603904,0
263,PA,1,after,0,1,18.981841061704177,0,bk,4.568446823690158,3.976637912007811,0
264,PA,0,before,0,0,15.890531108214404,0,kfc,4.948955686106371,3.570750298898267,0
264,PA,1,after,0,1,19.243107277317815,0,roys,5.382854359825928,2.8855328644973315,0
265,PA,0,before,0,0,15.490656741440262,0,bk,4.5981016598845486,2.884740526437787,0
265,PA,1,after,0,1,25.3453627067412,0,wendys,5.05473952173787,3.7581462101327103,0
266,PA,0,before,0,0,16.404368458265864,0,bk,4.672013425693166,2.21266394245911,0
266,PA,1,after,0,1,15.520407595953378,0,bk,5.418994519709962,2.3649840637394117,0
267,PA,0,before,0,0,13.424126053789005,0,roys,4.602864510025912,3.7986054852857976,0
267,PA,1,after,0,1,19.800091517932117,0,wendys,4.784593531568707,2.312949913683936,0
268,PA,0,before,0,0,21.220610388802697,0,roys,4.623494031423207,3.57012944342466,0
268,PA,1,after,0,1,16.779920113576022,0,bk,4.102166258878889,2.7499542917444124,0
269,PA,0,before,0,0,25.37620121424981,0,bk,4.12887719647126,2.1918194113883027,0
269,PA,1,after,0,1,21.49248149933518,0,roys,4.542775517844414,2.646594830719253,0
270,PA,0,before,0,0,19.120789901939983,0,roys,4.413889961147669,2.978148894241211,0
270,PA,1,after,0,1,18.45081040441856,0,bk,4.567091349919049,3.865535701864531,0
271,PA,0,before,0,0,19.858807213599665,0,bk,4.144583333702731,2.6449837480541687,0
271,PA,1,after,0,1,19.2426578671917,0,wendys,4.313117292388876,3.627028845946539,0
272,PA,0,before,0,0,15.311332836457192,0,roys,5.389084915338297,2.4400835537756027,0
272,PA,1,after,0,1,16.965825498465605,0,kfc,4.701534693771848,2.980610703158301,0
273,PA,0,before,0,0,21.045240554574463,0,kfc,4.025220364590471,2.6244109430090075,0
273,PA,1,after,0,1,16.369459296235,0,wendys,4.954081919090232,3.9630610326209506,0
274,PA,0,before,0,0,10.744788459868758,0,bk,5.382149482461231,3.888394735954821,0
274,PA,1,after,0,1,16.01817807508605,0,wendys,4.261672754607172,2.783740665725681,0
275,PA,0,before,0,0,23.07771554761949,0,wendys,4.346164386108486,3.4783774635648093,0
275,PA,1,after,0,1,12.494504088484913,0,kfc,5.4010111010449915,3.0105929556605395,0
276,PA,0,before,0,0,18.82841683657264,0,bk,5.11607174712882,2.444869695120614,0
276,PA,1,after,0,1,20.59216034671522,0,roys,4.599849076133298,2.663102968994526,0
277,PA,0,before,0,0,22.566302002274504,0,bk,4.953677579067964,3.572157523805678,0
277,PA,1,after,0,1,24.706949703470155,0,bk,5.474436001049154,2.892751926307344,0
278,PA,0,before,0,0,16.119398099761952,0,roys,4.592449229203126,3.9972726420698423,0
278,PA,1,after,0,1,14.321575175812931,0,kfc,4.779804539679751,3.524748050124794,0
279,PA,0,before,0,0,16.69926275029475,0,bk,4.7726178040920555,2.1885738826545236,0
279,PA,1,after,0,1,20.045987446685142,0,kfc,4.381503123445842,2.387971080196934,0
280,PA,0,before,0,0,23.03609990324013,0,roys,4.157800333509653,2.064373843952928,0
280,PA,1,after,0,1,16.54531974774774,0,kfc,4.935722765741364,2.0496645069431256,0
281,PA,0,before,0,0,15.68486774001194,0,kfc,5.310432815650641,3.045439551204871,0
281,PA,1,after,0,1,15.65081844341274,0,kfc,4.007276101051727,3.893492910043112,0
282,PA,0,before,0,0,18.201050810947784,0,roys,4.792681692805066,3.40712265965012,0
282,PA,1,after,0,1,22.94435130021219,0,bk,4.488703426554469,3.5313586992451547,0
283,PA,0,before,0,0,11.852575024973955,0,kfc,5.404376206732559,3.9087454848504817,0
283,PA,1,after,0,1,16.166260633431786,0,bk,4.385904308855825,2.6897246900767486,0
284,PA,0,before,0,0,27.94831623774665,0,kfc,4.841720126797115,2.0630151983765534,0
284,PA,1,after,0,1,26.53676443533159,0,wendys,4.321892417749949,3.829507198370285,0
285,PA,0,before,0,0,16.622152179641013,0,roys,4.713270527387993,3.4203779734415445,0
285,PA,1,after,0,1,13.2601851167613,0,roys,4.962298671734415,2.808496523166512,0
286,PA,0,before,0,0,20.246625583409696,0,wendys,4.407867645947038,3.109247347869292,0
286,PA,1,after,0,1,20.05932288723977,0,kfc,4.114141646322157,3.879846940637755,0
287,PA,0,before,0,0,19.049513615266815,0,bk,4.300398466423705,3.6703385556452215,0
287,PA,1,after,0,1,13.391508059003934,0,wendys,4.665692139420111,3.796405508740001,0
288,PA,0,before,0,0,20.271930053890607,0,kfc,4.2838369406094445,3.7322045240288744,0
288,PA,1,after,0,1,16.823044074142253,0,roys,4.252726639258701,2.3663832809699197,0
289,PA,0,before,0,0,21.123491121110597,0,kfc,4.112621515428847,2.3241545790368447,0
289,PA,1,after,0,1,17.170899076105886,0,wendys,5.166379562591439,3.0785529846226,0
290,PA,0,before,0,0,15.113468652894232,0,roys,5.090612747087286,2.952170969667722,0
290,PA,1,after,0,1,22.39654498400494,0,roys,4.910516266157361,2.8114787016951746,0
291,PA,0,before,0,0,16.23614301153087,0,kfc,4.769109569893187,2.4902837414379473,0
291,PA,1,after,0,1,15.579902715682104,0,wendys,4.016840822298148,2.663088456158168,0
292,PA,0,before,0,0,17.697416649915507,0,roys,4.448265952888147,3.075435055078299,0
292,PA,1,after,0,1,21.265363529522343,0,bk,5.151072226278756,3.2305652660131345,0
293,PA,0,before,0,0,24.227769604041555,0,kfc,5.4938926650035995,3.536258616963244,0
293,PA,1,after,0,1,18.37324425244746,0,bk,4.04537872765867,2.1336581708978555,0
294,PA,0,before,0,0,15.970734886185454,0,bk,4.195725785815862,3.654187591100184,0
294,PA,1,after,0,1,21.67625403310774,0,kfc,4.195988594371854,3.4294353728951616,0
295,PA,0,before,0,0,18.45935640951478,0,roys,5.132992337649121,3.2929182572919795,0
295,PA,1,after,0,1,12.11662425129688,0,roys,4.913575561590968,3.500387123940995,0
296,PA,0,before,0,0,14.20382421242595,0,kfc,5.427437570082985,3.1477744765688467,0
296,PA,1,after,0,1,18.383580069513982,0,wendys,5.0625341973581,3.999859119958944,0
297,PA,0,before,0,0,18.463546183990243,0,kfc,4.124952894290034,2.7011493077178472,0
297,PA,1,after,0,1,19.736586778427963,0,bk,4.202078518206871,2.228821125409085,0
298,PA,0,before,0,0,8.3258123783747,0,wendys,4.06190133374311,3.559638016105793,0
298,PA,1,after,0,1,17.027418254473957,0,roys,5.443279398860241,3.4579728765282463,0
299,PA,0,before,0,0,17.557681156505456,0,wendys,4.509674087922728,3.085647510639,0
299,PA,1,after,0,1,12.438096279055175,0,roys,4.537971679668869,2.6037890063273146,0
300,PA,0,before,0,0,14.364168823845942,0,roys,4.980650374112938,3.2806937640314233,0
300,PA,1,after,0,1,19.957478550260745,0,roys,4.574234659934092,3.033794037073431,0
301,PA,0,before,0,0,19.50751816234151,0,roys,5.289084188298185,3.4918231320657216,0
301,PA,1,after,0,1,22.942930922693815,0,bk,5.194369226531243,2.8655818229022723,0
302,PA,0,before,0,0,13.60655970595053,0,roys,4.490745192637153,3.1685714810654586,0
302,PA,1,after,0,1,16.714672433894297,0,bk,4.69655124347527,2.9583254663070067,0
303,PA,0,before,0,0,8.801584711742533,0,wendys,4.893858532650526,3.0074557453441626,0
303,PA,1,after,0,1,13.206698272678947,0,bk,4.941019967900748,3.90824336056209,0
304,PA,0,before,0,0,26.48928531231968,0,bk,4.832277720282076,2.5712156207876955,0
304,PA,1,after,0,1,21.528735835926824,0,kfc,4.224043643673941,2.6684399203536384,0
305,PA,0,before,0,0,16.517453517188784,0,roys,4.324946822582603,2.279923247029328,0
305,PA,1,after,0,1,20.00606871705607,0,roys,5.155424101988933,2.3773216615798867,0
306,PA,0,before,0,0,14.323186980471805,0,roys,4.963632857080037,2.978876140273922,0
306,PA,1,after,0,1,18.23942808819562,0,bk,4.832756088429442,3.1621971078710764,0
307,PA,0,before,0,0,23.076325333099312,0,roys,5.388003142869919,3.290457119442921,0
307,PA,1,after,0,1,18.05397870568566,0,wendys,4.260508893464635,2.6459279413462533,0
308,PA,0,before,0,0,18.31354658179904,0,roys,4.510117747496737,3.0978616744488567,0
308,PA,1,after,0,1,15.713838127963491,0,wendys,4.328036360495494,3.8487600432812634,0
309,PA,0,before,0,0,18.356416055624535,0,wendys,4.453783108378566,3.650520651631436,0
309,PA,1,after,0,1,22.820789047416728,0,roys,4.757360584680843,2.8521382940382547,0
310,PA,0,before,0,0,21.70376716874428,0,kfc,4.685978513537712,3.6352335968264047,0
310,PA,1,after,0,1,21.86296229154943,0,wendys,4.535532724841181,3.496336976056363,0
311,PA,0,before,0,0,22.23534955122495,0,bk,4.338955303660868,3.4081301463377196,0
311,PA,1,after,0,1,18.45748257822441,0,roys,4.1596138421536475,2.03102638297245,0
312,PA,0,before,0,0,25.05218568306955,0,kfc,5.342741380595641,2.7757554408468397,0
312,PA,1,after,0,1,20.041135763337422,0,kfc,5.21098358487473,2.847220972034597,0
313,PA,0,before,0,0,16.397822396952854,0,bk,5.000969417890521,3.681214185815546,0
313,PA,1,after,0,1,18.715700946074804,0,roys,4.1638431095996005,3.210781265829078,0
314,PA,0,before,0,0,23.39259363084891,0,wendys,5.27103319849509,2.218251855769791,0
314,PA,1,after,0,1,24.21007530367056,0,kfc,5.375996018245931,3.5639280372867637,0
315,PA,0,before,0,0,18.001171012768477,0,bk,4.034052842881493,3.1384304999890316,0
315,PA,1,after,0,1,20.755608725619744,0,kfc,4.136851270110595,3.1357828052911545,0
316,PA,0,before,0,0,18.581921143654796,0,bk,4.756605951716916,3.2878343024501016,0
316,PA,1,after,0,1,22.09809381676778,0,wendys,4.791877062020027,2.1147648836159485,0
317,PA,0,before,0,0,16.76746280547003,0,wendys,4.9060407558152415,2.677357709609329,0
317,PA,1,after,0,1,16.659338559047303,0,bk,4.989722330153352,3.7473583470742406,0
318,PA,0,before,0,0,20.58763979328922,0,roys,4.696574736770647,2.1507199768802043,0
318,PA,1,after,0,1,23.935253070270967,0,bk,4.819764452054387,2.9364089854297935,0
319,PA,0,before,0,0,21.2076477203605,0,bk,4.08554997432387,3.8899988079879617,0
319,PA,1,after,0,1,20.644152142657404,0,wendys,5.426481700982725,2.146835579499613,0
320,PA,0,before,0,0,21.378911031103524,0,bk,4.543138196754985,2.485226805247307,0
320,PA,1,after,0,1,22.18377631990795,0,bk,4.5981088076355245,3.7088856072212897,0
321,PA,0,before,0,0,24.04649922965639,0,bk,4.553776054529597,2.2752579938334696,0
321,PA,1,after,0,1,8.908089659409045,0,wendys,4.990314363901096,2.1696546304147084,0
322,PA,0,before,0,0,17.693679072134774,0,wendys,5.023355249157568,2.339935658043216,0
322,PA,1,after,0,1,19.97159267556549,0,wendys,4.756728429818211,2.3792550780278807,0
323,PA,0,before,0,0,16.529463162172213,0,roys,4.539281399897093,2.067531432575175,0
323,PA,1,after,0,1,17.61723479096688,0,roys,5.299064591716292,3.1133755338468108,0
324,PA,0,before,0,0,14.585145335908251,0,kfc,5.101246684105326,2.725615666307366,0
324,PA,1,after,0,1,20.893889700883772,0,roys,5.3258080715644285,2.5509224809047875,0
325,PA,0,before,0,0,12.172355138714009,0,bk,4.891393647181773,2.7212091603357265,0
325,PA,1,after,0,1,25.91494327773857,0,wendys,5.152622100833213,3.187369303345357,0
326,PA,0,before,0,0,19.9708096487491,0,kfc,4.543660550552205,2.956787637217402,0
326,PA,1,after,0,1,24.25246747840614,0,wendys,5.202397982846397,2.6262947361928104,0
327,PA,0,before,0,0,14.414948843041463,0,wendys,4.560135086535249,3.2962508255743264,0
327,PA,1,after,0,1,21.99525090808048,0,bk,5.1921344496891235,3.138349356262687,0
328,PA,0,before,0,0,16.275827090511267,0,wendys,4.782481482647342,2.2085610017070967,0
328,PA,1,after,0,1,18.671074059593064,0,wendys,4.961822352871524,2.038865452655993,0
329,PA,0,before,0,0,22.230228815097437,0,kfc,4.305927589043975,2.053152182075018,0
329,PA,1,after,0,1,15.12475654990008,0,kfc,4.016253881461771,2.4329484846655847,0
330,PA,0,before,0,0,19.74793885361759,0,kfc,4.5012061707589925,3.251859419347507,0
330,PA,1,after,0,1,23.679390778502327,0,kfc,4.088071033763623,3.708522749492116,0
331,PA,0,before,0,0,18.34782271119583,0,roys,4.4038325263461315,2.5896155146767192,0
331,PA,1,after,0,1,13.456080718727138,0,bk,4.3801036123267725,3.0234336958524497,0
332,PA,0,before,0,0,22.978737472104168,0,roys,5.164852249519715,2.350670406680714,0
332,PA,1,after,0,1,21.53674955740001,0,wendys,4.9132436749059085,2.5762362333851136,0
333,PA,0,before,0,0,21.701817360047933,0,roys,4.091161974595829,3.382518344860756,0
333,PA,1,after,0,1,19.370887496903517,0,bk,4.555629110929535,2.472478336419514,0
334,PA,0,before,0,0,18.040331545838747,0,bk,4.33449309803145,3.8006201408767586,0
334,PA,1,after,0,1,14.981200870916997,0,bk,4.325458566614128,3.30640190303634,0
335,PA,0,before,0,0,17.897552928581234,0,bk,5.364881297324862,2.4546546298590313,0
335,PA,1,after,0,1,24.51635433685498,0,wendys,5.259814470120599,2.063761436756017,0
336,PA,0,before,0,0,16.00857400045866,0,kfc,4.898728832025433,2.836533773477304,0
336,PA,1,after,0,1,16.24538527356043,0,kfc,4.4222936743021375,3.616221066979445,0
337,PA,0,before,0,0,17.99597519829682,0,roys,5.415715404636038,2.7829819790321224,0
337,PA,1,after,0,1,13.271784268313418,0,roys,5.0548220466042935,3.692217453065276,0
338,PA,0,before,0,0,23.74662295530214,0,wendys,4.454408772100782,2.136661113435486,0
338,PA,1,after,0,1,21.97081620834735,0,bk,4.1813650319309295,2.491042055345375,0
339,PA,0,before,0,0,23.088040817282856,0,wendys,5.279697060729777,3.742030681649091,0
339,PA,1,after,0,1,14.979978967688488,0,kfc,4.812983734331453,2.146643057590567,0
340,PA,0,before,0,0,20.061021285942765,0,roys,4.902416277125524,2.801638870972562,0
340,PA,1,after,0,1,21.759941409150095,0,bk,4.5277292596916645,3.0472829482418176,0
341,PA,0,before,0,0,21.937944469475077,0,wendys,4.192206583117512,2.4570751948764853,0
341,PA,1,after,0,1,24.22376825465028,0,wendys,4.320722211743063,3.965644613451768,0
342,PA,0,before,0,0,23.267083217921943,0,bk,4.470126246202662,2.9969948281991297,0
342,PA,1,after,0,1,14.898469848760168,0,bk,4.293789758248516,2.1499992512658372,0
343,PA,0,before,0,0,24.54403566865015,0,roys,5.27080944990215,3.1574185347342087,0
343,PA,1,after,0,1,15.805913834165825,0,roys,4.775177237727643,2.3297193692132607,0
344,PA,0,before,0,0,20.59926601893312,0,bk,5.38528444392331,2.019247161714768,0
344,PA,1,after,0,1,25.979029363125175,0,roys,5.255622449887507,3.13880891114646,0
345,PA,0,before,0,0,14.4133522691565,0,kfc,5.298435539208141,3.432414112830653,0
345,PA,1,after,0,1,22.27165542251169,0,roys,4.684053261436867,2.2086704574126523,0
346,PA,0,before,0,0,18.321556283759687,0,roys,4.998919122840569,3.6517631623771054,0
346,PA,1,after,0,1,24.670397137502533,0,roys,4.4272992154281905,3.1544170617580125,0
347,PA,0,before,0,0,20.108254989973418,0,roys,4.476672819578934,3.55559190115184,0
347,PA,1,after,0,1,18.54323284804604,0,roys,4.980053668367784,2.9918651230611086,0
348,PA,0,before,0,0,15.345339836204529,0,wendys,4.576383123952192,2.8181985820391566,0
348,PA,1,after,0,1,16.79686208506388,0,roys,4.261930275757706,2.27357773231342,0
349,PA,0,before,0,0,15.074909787868046,0,roys,5.357514174499858,2.6833218039723716,0
349,PA,1,after,0,1,13.47485997320674,0,bk,4.009485119084358,3.0065523167707235,0
350,PA,0,before,0,0,13.700857188026417,0,kfc,5.485275224621998,2.5769205426933937,0
350,PA,1,after,0,1,17.20296125008673,0,kfc,5.298778062342584,3.8507009684169113,0
351,PA,0,before,0,0,23.52084910325003,0,wendys,5.176185759218763,3.0282076850116413,0
351,PA,1,after,0,1,18.9683039851224,0,wendys,5.204523525033001,3.345369710971518,0
352,PA,0,before,0,0,22.649232617939784,0,kfc,5.376814600157938,3.308827465672799,0
352,PA,1,after,0,1,20.56755865727576,0,wendys,4.406628139773563,2.312874914612086,0
353,PA,0,before,0,0,16.26131888969442,0,roys,4.461991101884631,3.357660489374277,0
353,PA,1,after,0,1,19.624551469401354,0,bk,5.1651806953945965,3.991696467619097,0
354,PA,0,before,0,0,23.437105593555344,0,bk,4.68539778659871,2.2775207124486085,0
354,PA,1,after,0,1,13.28546398170164,0,bk,4.460692545678791,3.073944591479612,0
355,PA,0,before,0,0,17.60519634382653,0,wendys,4.113974922987886,3.668696011832658,0
355,PA,1,after,0,1,23.482958036360156,0,kfc,4.17063913330452,2.2965550254195684,0
356,PA,0,before,0,0,19.44709359655506,0,bk,4.072888151869741,2.065191175067598,0
356,PA,1,after,0,1,18.650345473174347,0,kfc,4.735050465251457,3.79680046848226,0
357,PA,0,before,0,0,14.883078146757594,0,kfc,4.300981337903374,2.7517297912637115,0
357,PA,1,after,0,1,10.8453357825502,0,kfc,5.319768225551668,3.5458968667859967,0
358,PA,0,before,0,0,19.987635434883185,0,kfc,5.317328342092754,3.4079339840605645,0
358,PA,1,after,0,1,24.611964974201637,0,kfc,5.303194955831365,3.4317441097675405,0
359,PA,0,before,0,0,17.567647281854864,0,bk,4.5762896777436675,3.557070141817774,0
359,PA,1,after,0,1,16.490079669927944,0,roys,5.173112242129929,2.8699926186757807,0
360,PA,0,before,0,0,15.439185410091785,0,bk,5.391640597153138,2.0877312586140704,0
360,PA,1,after,0,1,18.70878551964299,0,bk,4.5891292021269345,2.0840472028712034,0
361,PA,0,before,0,0,15.736457753425936,0,bk,4.99033776929136,3.1066821522769654,0
361,PA,1,after,0,1,13.805024911214256,0,roys,4.5806875504052424,3.852418205076936,0
362,PA,0,before,0,0,22.73358830237588,0,roys,5.053606380881334,3.0389132623175588,0
362,PA,1,after,0,1,8.222299903227983,0,wendys,4.277941483718565,2.159614862636986,0
363,PA,0,before,0,0,20.512043074415026,0,kfc,5.2478715223647,2.9359455838712436,0
363,PA,1,after,0,1,16.31619428865476,0,wendys,4.256147170367522,2.2362742389633308,0
364,PA,0,before,0,0,19.545944964043343,0,wendys,4.569033705518596,3.5102700863162783,0
364,PA,1,after,0,1,17.786628816679453,0,kfc,4.57193643815592,2.7416127725217354,0
365,PA,0,before,0,0,12.600710385359871,0,wendys,4.9113593850642925,3.233048521857807,0
365,PA,1,after,0,1,22.754955059238338,0,bk,4.482291532957706,3.312884854829888,0
366,PA,0,before,0,0,13.958843328321688,0,kfc,5.257969853933429,2.149825586375928,0
366,PA,1,after,0,1,20.918526107871656,0,wendys,4.074195816158621,3.3366468578486392,0
367,PA,0,before,0,0,18.801839743837753,0,bk,5.499651772982574,2.5612619714630176,0
367,PA,1,after,0,1,9.42939188062877,0,kfc,5.353697064079347,2.279476840397239,0
368,PA,0,before,0,0,17.505289882803904,0,bk,4.894695662346557,3.699961969083815,0
368,PA,1,after,0,1,17.048931875922595,0,wendys,4.18466816140414,2.5971077179521416,0
369,PA,0,before,0,0,23.803560939552796,0,roys,4.831336777530345,3.933815447706732,0
369,PA,1,after,0,1,20.898629715944857,0,kfc,4.271793930535425,3.710270674745882,0
370,PA,0,before,0,0,17.87997071247795,0,wendys,5.367153311543781,3.850050276507425,0
370,PA,1,after,0,1,16.979716656388817,0,wendys,4.837060107047558,2.417078553361518,0
371,PA,0,before,0,0,19.411030311531608,0,kfc,4.984699061485741,3.817774954095844,0
371,PA,1,after,0,1,14.046736237398026,0,bk,5.208946897432481,3.0475406139079704,0
372,PA,0,before,0,0,19.665289392032175,0,wendys,4.611110701195511,3.3424857979866873,0
372,PA,1,after,0,1,9.308618219430032,0,roys,4.845813696400368,2.329073182108398,0
373,PA,0,before,0,0,18.60831098652039,0,roys,4.080265216877186,3.122960881593776,0
373,PA,1,after,0,1,19.814364523276865,0,kfc,5.3216466364542265,3.623686229906697,0
374,PA,0,before,0,0,8.799196638499057,0,roys,4.615994615400488,3.719005829991078,0
374,PA,1,after,0,1,18.553117685500148,0,bk,4.398285648575978,3.31771057937694,0
375,PA,0,before,0,0,14.356741195586158,0,kfc,4.12932721630291,3.5943242676827745,0
375,PA,1,after,0,1,15.84035990415808,0,kfc,5.211271793253463,2.6662352875968707,0
376,PA,0,before,0,0,17.82573565468588,0,kfc,4.407771740921655,2.1253048464131137,0
376,PA,1,after,0,1,23.193470241001,0,roys,5.391640680595104,3.302669735769185,0
377,PA,0,before,0,0,18.727963641753355,0,bk,4.183774122591986,2.0830930513308754,0
377,PA,1,after,0,1,15.144678952502865,0,kfc,4.068072168807163,3.457805259199951,0
378,PA,0,before,0,0,25.031142577389343,0,bk,4.179576987803094,2.053889159431555,0
378,PA,1,after,0,1,19.398457596004043,0,wendys,4.480665649106967,3.792870430023447,0
379,PA,0,before,0,0,22.192734595011167,0,kfc,4.786795611411598,2.552848497171987,0
379,PA,1,after,0,1,15.857512527278754,0,wendys,5.013239972462527,2.7434791352227617,0
380,PA,0,before,0,0,16.472245154062648,0,bk,4.385747482090279,3.852566168697149,0
380,PA,1,after,0,1,18.63107792387137,0,kfc,5.238836033474936,2.395368543105437,0
381,PA,0,before,0,0,11.635261110472754,0,kfc,5.276556986314292,2.153232047206908,0
381,PA,1,after,0,1,22.630835765191655,0,bk,4.334882691893656,2.8055868517446076,0
382,PA,0,before,0,0,18.025789840028686,0,bk,4.863903678351063,3.607328537845219,0
382,PA,1,after,0,1,21.146100518159145,0,wendys,4.182257804545918,2.7085897844318785,0
383,PA,0,before,0,0,12.915992442170648,0,wendys,4.083085345386905,2.3126477526392284,0
383,PA,1,after,0,1,18.463544126240983,0,bk,4.278777979094536,2.3067503738702584,0
384,PA,0,before,0,0,23.20044893115314,0,bk,5.347380675664118,3.418665097951864,0
384,PA,1,after,0,1,13.878617893779412,0,bk,5.001989255600296,3.4126476959191976,0
385,PA,0,before,0,0,17.52207124067539,0,kfc,4.264884585743052,2.8543215833490256,0
385,PA,1,after,0,1,15.204645462634124,0,roys,4.795297114156032,3.6734302465128823,0
386,PA,0,before,0,0,27.747457158712624,0,roys,4.565180753588269,3.912266021174187,0
386,PA,1,after,0,1,21.46748468592264,0,wendys,4.67811539133159,3.2853141886256987,0
387,PA,0,before,0,0,28.61750172906075,0,wendys,4.617276455417583,2.784603326941969,0
387,PA,1,after,0,1,23.7831879143423,0,bk,4.837759993382245,2.3799921684242813,0
388,PA,0,before,0,0,12.703604816161151,0,bk,4.174109183252412,2.558507973207184,0
388,PA,1,after,0,1,22.39339808947254,0,wendys,5.111029346618661,3.102580874403123,0
389,PA,0,before,0,0,14.171266307637424,0,wendys,5.1378554114062345,3.245284850531992,0
389,PA,1,after,0,1,12.71288311226322,0,kfc,4.983014892920191,3.965987806570104,0
390,PA,0,before,0,0,17.645754994525163,0,wendys,5.104990300323005,2.7021610455753313,0
390,PA,1,after,0,1,9.451978738358452,0,roys,4.995466600453875,2.994300314521677,0
391,PA,0,before,0,0,21.194595271947655,0,kfc,4.296913360906607,2.434843509057049,0
391,PA,1,after,0,1,16.04293580391925,0,roys,5.2345931989247205,3.873821300142658,0
392,PA,0,before,0,0,17.4332924036543,0,kfc,5.0092070659650325,2.724259261719842,0
392,PA,1,after,0,1,11.21536827706175,0,kfc,5.390172576421951,3.946077789132024,0
393,PA,0,before,0,0,19.26665129927508,0,kfc,5.060921129832615,2.0750384514483473,0
393,PA,1,after,0,1,12.161453819132804,0,wendys,4.330685799390801,3.298140254023591,0
394,PA,0,before,0,0,15.479929178705,0,wendys,4.971717209392101,2.23026144960265,0
394,PA,1,after,0,1,12.514267058490656,0,kfc,4.203550747508989,2.4375740967543065,0
395,PA,0,before,0,0,14.79740197313125,0,bk,4.3225498601735355,2.665835115992735,0
395,PA,1,after,0,1,20.586444674000916,0,bk,4.775180332201035,3.6029165785685846,0
396,PA,0,before,0,0,26.68388946501863,0,kfc,5.060491393281321,3.541463645263601,0
396,PA,1,after,0,1,12.93250622117001,0,wendys,4.707939039811416,3.3763409829777817,0
397,PA,0,before,0,0,22.115286324623284,0,roys,4.688077957166707,2.282404135231329,0
397,PA,1,after,0,1,26.119313059860083,0,kfc,4.373505183563662,2.311256570662614,0
398,PA,0,before,0,0,18.614050658436405,0,bk,5.48210418635597,2.0953345691248115,0
398,PA,1,after,0,1,18.809500230256635,0,kfc,4.6412677729427285,3.419018467737877,0
399,PA,0,before,0,0,13.987518954570554,0,kfc,4.497783571828022,2.9097596362181353,0
399,PA,1,after,0,1,12.419804881506902,0,kfc,5.2137733144578196,3.936278357229232,0
400,PA,0,before,0,0,19.190716215167225,0,kfc,4.713712981111128,2.9743730181073813,0
400,PA,1,after,0,1,20.281585283134557,0,kfc,4.621429472227362,3.721779928777795,0
