"county","year","lemp","lpop","first_treat","gname","treat"
1,2000,7.5955139525046,5.7026548111958,2004,2004,0
1,2001,7.50767574152307,5.47716259572104,2004,2004,0
1,2002,7.91168689401624,5.46570363416695,2004,2004,0
1,2003,7.55166628153027,6.59488182721157,2004,2004,0
1,2004,9.11497030045632,5.31938321147259,2004,2004,1
1,2005,8.62899059423835,6.71317648354363,2004,2004,1
1,2006,7.94523802829822,4.26099775661582,2004,2004,1
1,2007,8.5975302760827,5.96769099970886,2004,2004,1
1,2008,7.72701230393096,5.59908339507569,2004,2004,1
1,2009,8.4569810483291,5.67275325499518,2004,2004,1
1,2010,9.14623313526912,5.80371158620791,2004,2004,1
2,2000,7.57260141410022,5.09814123751256,2008,2008,0
2,2001,7.75475426365491,5.23343409306446,2008,2008,0
2,2002,7.66376478726057,4.68513969351433,2008,2008,0
2,2003,7.8656559692705,4.64256701881954,2008,2008,0
2,2004,7.24195832480302,5.74282291312341,2008,2008,0
2,2005,8.38735995341306,5.85856782290354,2008,2008,0
2,2006,8.24795284459864,5.5424033813844,2008,2008,0
2,2007,6.95979099385436,6.23781397430379,2008,2008,0
2,2008,9.16046405817564,7.14006774850172,2008,2008,1
2,2009,8.51945972762532,5.10717506715477,2008,2008,1
2,2010,9.15900244250549,3.65266489948735,2008,2008,1
3,2000,7.83105315984087,6.3045908195698,2006,2006,0
3,2001,7.83533589385665,4.93263938993409,2006,2006,0
3,2002,8.3331976182361,4.94959310682611,2006,2006,0
3,2003,8.32029626737701,6.32045709575736,2006,2006,0
3,2004,7.57811386951685,5.27218159435919,2006,2006,0
3,2005,8.0332273208785,4.52342583019637,2006,2006,0
3,2006,7.44767634428088,5.64504278379932,2006,2006,1
3,2007,7.88902458498803,5.38888691004876,2006,2006,1
3,2008,8.2523647756682,5.50461134871991,2006,2006,1
3,2009,8.14235197016865,5.80822432090106,2006,2006,1
3,2010,7.91563592675286,5.20347197456607,2006,2006,1
4,2000,7.61348350847566,6.01550123881507,0,0,0
4,2001,8.46025493334245,5.323610750545,0,0,0
4,2002,8.57346622201515,5.76542557113256,0,0,0
4,2003,7.85524761027461,6.37747121051948,0,0,0
4,2004,8.07227645089497,5.84814519266704,0,0,0
4,2005,9.01357465309155,5.23925473157502,0,0,0
4,2006,7.21735185641579,6.41904609476088,0,0,0
4,2007,7.45850687571735,6.2948030847697,0,0,0
4,2008,9.1936000460772,5.93871756760646,0,0,0
4,2009,9.76581523491418,5.69098538808915,0,0,0
4,2010,8.13415209356175,4.9976751391685,0,0,0
5,2000,7.70403625741935,6.58852195882401,0,0,0
5,2001,8.1457468290392,5.0197923302823,0,0,0
5,2002,7.8807164695829,7.24986639441326,0,0,0
5,2003,8.70479960599459,6.72608850094815,0,0,0
5,2004,7.48226888319368,5.31143971271962,0,0,0
5,2005,8.30804405091407,4.67886327975457,0,0,0
5,2006,8.49226948649537,4.93167474904056,0,0,0
5,2007,7.70564523274692,5.70550696732522,0,0,0
5,2008,8.59519454026103,5.3026464972301,0,0,0
5,2009,7.92944059464908,5.22196592048181,0,0,0
5,2010,8.28226474768825,4.73870514618799,0,0,0
6,2000,8.8902341137112,5.46397782015286,2004,2004,0
6,2001,8.18600662003237,4.87207642443434,2004,2004,0
6,2002,9.03715911911025,4.16564645072949,2004,2004,0
6,2003,7.67890820918152,5.19581878376979,2004,2004,0
6,2004,7.78031051350875,6.23519728724861,2004,2004,1
6,2005,8.41717812327726,5.03972242991329,2004,2004,1
6,2006,8.47048377301212,5.98637145778003,2004,2004,1
6,2007,8.90748344437959,4.20569383336867,2004,2004,1
6,2008,7.67586050487456,5.45555042758037,2004,2004,1
6,2009,8.37798701068449,5.91552576315477,2004,2004,1
6,2010,9.35301880629588,5.74092268973337,2004,2004,1
7,2000,7.1007620789984,5.58454095531915,2006,2006,0
7,2001,7.53791640547751,4.9874351933557,2006,2006,0
7,2002,7.7039488148832,4.82023652317313,2006,2006,0
7,2003,6.97506250533734,4.68069696751607,2006,2006,0
7,2004,7.89601000278818,5.5941172776801,2006,2006,0
7,2005,6.99977989173421,4.74202030865216,2006,2006,0
7,2006,7.28920626665386,5.10755404503946,2006,2006,1
7,2007,8.2696490871906,5.2951262462414,2006,2006,1
7,2008,8.36543758091011,6.97508960418577,2006,2006,1
7,2009,8.69065540308566,4.97844007864363,2006,2006,1
7,2010,8.61843895698539,5.68830925782789,2006,2006,1
8,2000,8.46960064056033,5.56236867965097,0,0,0
8,2001,8.75289286626301,4.7305146926959,0,0,0
8,2002,8.38659668034194,5.44295353110112,0,0,0
8,2003,7.99083035836841,6.65564068673868,0,0,0
8,2004,9.15601460783734,5.86120324246337,0,0,0
8,2005,7.99846891552146,5.53298633759435,0,0,0
8,2006,6.90378678739887,5.1620025341283,0,0,0
8,2007,7.87051750724634,3.85740222276759,0,0,0
8,2008,7.17864561375105,6.40506977073134,0,0,0
8,2009,8.10936716250218,4.33148794326014,0,0,0
8,2010,7.97892073470586,6.09195800870187,0,0,0
9,2000,8.28752324847368,7.02728285537399,2006,2006,0
9,2001,8.57979374795136,4.34488547122256,2006,2006,0
9,2002,7.51963590477017,6.06142746829977,2006,2006,0
9,2003,8.30227319728566,5.29024200847803,2006,2006,0
9,2004,8.35545014433757,4.24228467268361,2006,2006,0
9,2005,7.96180943865908,4.2882658769746,2006,2006,0
9,2006,7.90787752715079,4.21877106114033,2006,2006,1
9,2007,8.64030191154864,5.07527478226376,2006,2006,1
9,2008,8.32924840053949,4.33059553200328,2006,2006,1
9,2009,8.78005532105142,6.05033341838066,2006,2006,1
9,2010,9.07630729056339,7.18008715242054,2006,2006,1
10,2000,7.87875235408237,4.47037561917186,2006,2006,0
10,2001,7.97016510357571,6.13019107798014,2006,2006,0
10,2002,8.64596236296313,6.11523379280073,2006,2006,0
10,2003,8.31459941954802,5.7657620631601,2006,2006,0
10,2004,7.93800930642588,4.69329871337839,2006,2006,0
10,2005,9.09479763335281,5.40443791469547,2006,2006,0
10,2006,7.90624756815541,5.2756837318638,2006,2006,1
10,2007,8.01012331779665,5.95039162657638,2006,2006,1
10,2008,8.68824183161576,5.20204899511694,2006,2006,1
10,2009,8.39329356595775,6.2815787093485,2006,2006,1
10,2010,8.70758673524053,5.20033531378639,2006,2006,1
11,2000,8.49204588545697,6.34216917246347,0,0,0
11,2001,8.63662190591687,4.66065839466715,0,0,0
11,2002,8.38550549330619,4.49187580419351,0,0,0
11,2003,7.75100694426027,8.09283194795392,0,0,0
11,2004,7.81212988005849,5.16651392947165,0,0,0
11,2005,8.6617664943305,5.73858207323257,0,0,0
11,2006,9.23964149892662,6.00925573922708,0,0,0
11,2007,8.72791900188649,5.112975499433,0,0,0
11,2008,8.49988593012544,5.91348963545089,0,0,0
11,2009,8.66990433973485,5.79517162190807,0,0,0
11,2010,8.49793818417946,5.32769559388665,0,0,0
12,2000,8.09291659378777,5.55223442682025,2006,2006,0
12,2001,8.16397696507395,5.47274619700923,2006,2006,0
12,2002,8.39259414269137,7.20276151921295,2006,2006,0
12,2003,8.09603526158442,4.90693112298174,2006,2006,0
12,2004,8.34089648481882,4.62320298634027,2006,2006,0
12,2005,8.37606518306932,5.53023071933686,2006,2006,0
12,2006,9.31313468805891,5.74838459955451,2006,2006,1
12,2007,8.51802709103064,5.84921878312815,2006,2006,1
12,2008,7.99667813332051,5.13330773383112,2006,2006,1
12,2009,8.02778705557732,4.64933909282305,2006,2006,1
12,2010,8.15399530165079,6.51054814087159,2006,2006,1
13,2000,7.11105314787994,5.22027968963716,2008,2008,0
13,2001,7.25035229138807,4.8075897098773,2008,2008,0
13,2002,7.20946698910812,5.31097634484712,2008,2008,0
13,2003,8.14224774833583,5.34225928452116,2008,2008,0
13,2004,8.30184346851093,6.38793623177091,2008,2008,0
13,2005,7.34601552752214,5.56778983375776,2008,2008,0
13,2006,7.08374061737982,6.10324302814762,2008,2008,0
13,2007,8.06789224390062,5.10056638626219,2008,2008,0
13,2008,8.65451164939243,5.67155624766528,2008,2008,1
13,2009,9.03432474108735,5.24025127080733,2008,2008,1
13,2010,8.70001628614731,5.57566682253886,2008,2008,1
14,2000,8.9102830787866,4.78370931361797,2006,2006,0
14,2001,7.97497629004154,4.45135877333762,2006,2006,0
14,2002,7.73105177887208,7.09777070779837,2006,2006,0
14,2003,8.41241273534495,5.98056705893793,2006,2006,0
14,2004,8.07296727414404,4.49898291070004,2006,2006,0
14,2005,8.48829614156936,5.01106726665566,2006,2006,0
14,2006,8.93601421943473,4.55161593232215,2006,2006,1
14,2007,7.82019658597823,7.25904827910698,2006,2006,1
14,2008,8.13979288920885,6.54993038114681,2006,2006,1
14,2009,7.8298091977946,5.28788395464292,2006,2006,1
14,2010,8.75366673752843,5.93455524738567,2006,2006,1
15,2000,8.42515557757053,5.16852804166491,2004,2004,0
15,2001,8.42109270167274,5.11900248430754,2004,2004,0
15,2002,6.87318680835011,4.86911772971981,2004,2004,0
15,2003,7.55544122843305,5.02430618603239,2004,2004,0
15,2004,7.70112092605477,6.82072597386935,2004,2004,1
15,2005,8.3447892998263,5.45677749993165,2004,2004,1
15,2006,8.39906965739245,5.59539618914207,2004,2004,1
15,2007,8.04330318878923,5.69494994367927,2004,2004,1
15,2008,9.02661000597842,6.48598070278827,2004,2004,1
15,2009,8.8437014825111,5.08714893524418,2004,2004,1
15,2010,8.05687527627816,4.70599427968637,2004,2004,1
16,2000,7.84272759189871,6.84055754592255,0,0,0
16,2001,7.3563518106056,5.14706942647577,0,0,0
16,2002,7.24113640602194,4.9215472240481,0,0,0
16,2003,8.79183598403094,4.51098150489337,0,0,0
16,2004,8.1639718495498,4.47222742214576,0,0,0
16,2005,7.32448167333496,5.04082121656161,0,0,0
16,2006,6.9337948812754,5.99438865373322,0,0,0
16,2007,8.92295908970289,6.38787851114378,0,0,0
16,2008,9.79441102531067,6.06607068306847,0,0,0
16,2009,8.77060575801723,5.2090741623238,0,0,0
16,2010,8.4218721646242,5.54779994990768,0,0,0
17,2000,8.63515947757869,4.93632282905594,2004,2004,0
17,2001,7.45747828074262,4.92622547074079,2004,2004,0
17,2002,7.49233353050855,6.20772039918154,2004,2004,0
17,2003,7.38722385103798,4.68752593711716,2004,2004,0
17,2004,7.49652227996824,7.06423517239397,2004,2004,1
17,2005,9.43176764832971,5.42774432482732,2004,2004,1
17,2006,8.30241088672773,5.67163106130337,2004,2004,1
17,2007,8.45097030573207,4.90917783620834,2004,2004,1
17,2008,8.58375666094548,5.04048904818938,2004,2004,1
17,2009,8.40126017076421,4.44638709415581,2004,2004,1
17,2010,9.51799310023692,5.35365968930182,2004,2004,1
18,2000,7.2029563624079,5.83518592393957,2004,2004,0
18,2001,7.56585797680892,5.7594434753291,2004,2004,0
18,2002,7.50909994075535,4.8747708103562,2004,2004,0
18,2003,7.71520629997071,4.8691024233168,2004,2004,0
18,2004,9.27446750166139,5.09824102532571,2004,2004,1
18,2005,7.95227556831104,6.69684853587708,2004,2004,1
18,2006,7.8012916153401,4.5901571034674,2004,2004,1
18,2007,8.01779084589216,5.35675872449584,2004,2004,1
18,2008,8.66070496490103,7.02188945734314,2004,2004,1
18,2009,7.98854820109474,5.41922009173695,2004,2004,1
18,2010,8.97049333491143,4.41212743694289,2004,2004,1
19,2000,7.6720831330132,4.96818445178075,2006,2006,0
19,2001,8.17056768655328,5.8883679831239,2006,2006,0
19,2002,8.08869619752147,5.19951770266418,2006,2006,0
19,2003,7.85747846777603,5.05049890916017,2006,2006,0
19,2004,7.66658014090236,5.22486621269723,2006,2006,0
19,2005,8.45834554726856,5.57239731771138,2006,2006,0
19,2006,8.81716238124562,6.77880701691666,2006,2006,1
19,2007,9.32798327822833,5.42914791028889,2006,2006,1
19,2008,8.64653936425995,6.36463959692121,2006,2006,1
19,2009,7.76489524758285,6.00460329252045,2006,2006,1
19,2010,8.44884830081275,5.40908808359509,2006,2006,1
20,2000,7.73512204014971,4.27367839768752,0,0,0
20,2001,8.97423926493838,5.08310614595798,0,0,0
20,2002,7.94013976553476,5.10810363748922,0,0,0
20,2003,8.27303063990898,5.53772354620922,0,0,0
20,2004,8.34011988999502,6.54015894213346,0,0,0
20,2005,7.6275526725682,7.33446317906488,0,0,0
20,2006,8.06214656307371,6.73806484718702,0,0,0
20,2007,9.00067589693018,5.39347922853684,0,0,0
20,2008,8.88031782774402,4.09477808355389,0,0,0
20,2009,8.66043727970226,5.18897610874261,0,0,0
20,2010,8.34121036974583,5.57136577845864,0,0,0
21,2000,7.35585049047818,6.17601040325395,0,0,0
21,2001,7.27620685235419,6.27002237478742,0,0,0
21,2002,9.0386095263689,6.04744754353317,0,0,0
21,2003,7.31344734469411,4.38378052016043,0,0,0
21,2004,7.11936454483355,6.17971443650668,0,0,0
21,2005,8.56189746312085,5.14275422685822,0,0,0
21,2006,7.57344851851321,5.639842160129,0,0,0
21,2007,7.74388378680595,5.55964094173899,0,0,0
21,2008,7.62060869746556,5.8425334119764,0,0,0
21,2009,8.90114807972807,5.51973998626091,0,0,0
21,2010,8.8129153364461,4.16601992193147,0,0,0
22,2000,8.07405327857321,6.08919677181875,2008,2008,0
22,2001,8.24443184463023,5.80882125467974,2008,2008,0
22,2002,7.8823961297092,5.28747869977742,2008,2008,0
22,2003,8.16135224819464,5.59451560883734,2008,2008,0
22,2004,7.69814134090244,5.60723091629477,2008,2008,0
22,2005,8.47499472497335,5.6768155748488,2008,2008,0
22,2006,8.10745548869101,6.81267693278199,2008,2008,0
22,2007,8.29459855773305,5.32475969685322,2008,2008,0
22,2008,7.25626997284684,5.63445230710773,2008,2008,1
22,2009,8.76801546122115,6.43470709845527,2008,2008,1
22,2010,7.99756742207596,6.34334481870154,2008,2008,1
23,2000,8.3504354335447,6.41621048830429,2008,2008,0
23,2001,8.98295649299004,5.03802559915235,2008,2008,0
23,2002,8.10396261282194,7.10198618423426,2008,2008,0
23,2003,7.66676756799344,5.55336069674415,2008,2008,0
23,2004,8.7382371490399,6.99348147576549,2008,2008,0
23,2005,8.61217354530396,4.41927785117543,2008,2008,0
23,2006,8.63935477353324,5.51678686908339,2008,2008,0
23,2007,8.04941076297479,6.49993165677537,2008,2008,0
23,2008,7.51329859403034,4.92780625022176,2008,2008,1
23,2009,8.21964242312416,4.89784882542581,2008,2008,1
23,2010,8.64606982008799,4.74916903711449,2008,2008,1
24,2000,7.62397423264006,4.65798937652901,0,0,0
24,2001,8.36612285195534,5.15027237345568,0,0,0
24,2002,8.54478647923351,5.76494333836719,0,0,0
24,2003,8.34183925656867,3.88863160166342,0,0,0
24,2004,9.06803881962208,5.66958434669783,0,0,0
24,2005,6.88753597999023,6.48934003713326,0,0,0
24,2006,8.45825002038471,7.13005921459235,0,0,0
24,2007,8.785120647744,6.54094079376047,0,0,0
24,2008,8.63363902081725,6.10541981103677,0,0,0
24,2009,7.72197604147656,4.11861568070854,0,0,0
24,2010,8.45416592741567,5.01879463359457,0,0,0
25,2000,8.30098346192898,5.21836283473391,2008,2008,0
25,2001,8.0013083559213,6.06281912220552,2008,2008,0
25,2002,8.38069334127801,5.41546293279698,2008,2008,0
25,2003,7.79583297758917,4.49308109755186,2008,2008,0
25,2004,8.77929418505871,6.84754856647529,2008,2008,0
25,2005,8.63152553915485,6.22911303343677,2008,2008,0
25,2006,8.41779501533155,5.68994421799282,2008,2008,0
25,2007,9.2548514233991,6.47448688826065,2008,2008,0
25,2008,8.21234679208735,4.42898057021202,2008,2008,1
25,2009,9.00423248738794,6.02865623823184,2008,2008,1
25,2010,7.77473094505933,5.08167009894926,2008,2008,1
26,2000,8.65297079089855,6.04699641748057,2008,2008,0
26,2001,8.30164553320755,5.45134243627194,2008,2008,0
26,2002,8.24240463933602,6.00636857042516,2008,2008,0
26,2003,8.11363394701703,6.56841409204751,2008,2008,0
26,2004,7.67005163834112,5.50583207225352,2008,2008,0
26,2005,8.38111391140549,6.31404690956167,2008,2008,0
26,2006,7.31545259976939,4.54925277188162,2008,2008,0
26,2007,8.1954874439752,4.92271644765119,2008,2008,0
26,2008,7.8730275595525,6.71537416911054,2008,2008,1
26,2009,7.10526421429601,5.80191037841914,2008,2008,1
26,2010,8.82665869288799,3.85822174365302,2008,2008,1
27,2000,6.95680549854484,4.4087700383341,2006,2006,0
27,2001,8.20327787073987,5.3393751875287,2006,2006,0
27,2002,8.08310423048754,6.19262352346759,2006,2006,0
27,2003,8.03579228540098,5.41849339542782,2006,2006,0
27,2004,7.36447559159869,5.99934997761652,2006,2006,0
27,2005,9.12389847375073,6.26720430223026,2006,2006,0
27,2006,7.368474137245,6.83684386309035,2006,2006,1
27,2007,8.51568653824376,5.54481338661997,2006,2006,1
27,2008,8.29782700008316,5.45841447505528,2006,2006,1
27,2009,7.80120895055229,4.09741011268618,2006,2006,1
27,2010,8.22455412195029,5.57946207527026,2006,2006,1
28,2000,7.16406113086565,5.04251995368355,2006,2006,0
28,2001,8.44380653145651,4.72079233375673,2006,2006,0
28,2002,7.39923123983091,5.35607501516197,2006,2006,0
28,2003,9.04418345462778,6.31195453819493,2006,2006,0
28,2004,8.55547850029369,3.90580120904913,2006,2006,0
28,2005,8.78313208855939,5.15817657023566,2006,2006,0
28,2006,8.59521758752491,5.59330982686617,2006,2006,1
28,2007,8.37090336662671,4.78543394395604,2006,2006,1
28,2008,8.29648723062567,5.76712235399938,2006,2006,1
28,2009,9.53601954078498,5.82914393649258,2006,2006,1
28,2010,9.14508555692845,5.47357107257921,2006,2006,1
29,2000,8.61083288919399,3.52728144499198,2004,2004,0
29,2001,8.3259469900593,7.55716651669331,2004,2004,0
29,2002,7.28680782108052,5.33576059402544,2004,2004,0
29,2003,8.76805777729943,6.02095462527014,2004,2004,0
29,2004,8.44014598899736,5.71901319282924,2004,2004,1
29,2005,8.86264745930781,6.31973858785468,2004,2004,1
29,2006,8.69728014853279,6.15412755709927,2004,2004,1
29,2007,8.69963015336797,5.33216546301719,2004,2004,1
29,2008,8.62807120705242,5.80253421776681,2004,2004,1
29,2009,9.45825065154866,4.74367293510089,2004,2004,1
29,2010,8.88016149398893,6.18553840871945,2004,2004,1
30,2000,7.74313220831115,5.13116932889252,2004,2004,0
30,2001,7.98849189677035,7.43341868303057,2004,2004,0
30,2002,7.63359507104126,4.17916088344945,2004,2004,0
30,2003,7.39017130017848,5.12881020562719,2004,2004,0
30,2004,8.1610019142926,6.16030389020739,2004,2004,1
30,2005,7.22688419807298,5.90810603750293,2004,2004,1
30,2006,7.84832011042424,5.028415169188,2004,2004,1
30,2007,8.90027668587552,4.70257540623398,2004,2004,1
30,2008,8.8913621468073,5.61558056376856,2004,2004,1
30,2009,8.09126561583599,5.48855406946647,2004,2004,1
30,2010,8.83945598662936,4.06777501018875,2004,2004,1
31,2000,9.0223935761725,5.52764085370708,0,0,0
31,2001,8.32574986642584,5.65218425255397,0,0,0
31,2002,8.42967028366763,5.63978111758547,0,0,0
31,2003,8.81033127614445,4.65598636591785,0,0,0
31,2004,7.82116080917265,5.8809066226421,0,0,0
31,2005,8.28581532676328,6.60285610956739,0,0,0
31,2006,7.45120390883021,5.86498912254385,0,0,0
31,2007,7.63590188024911,4.59152922370053,0,0,0
31,2008,9.13034375196968,5.15148362424648,0,0,0
31,2009,8.86955515551537,5.77688289564289,0,0,0
31,2010,8.51229261180776,4.98236349494538,0,0,0
32,2000,7.08483076405054,3.77388293198778,0,0,0
32,2001,8.27382532058767,6.20740065602257,0,0,0
32,2002,9.39266106704538,4.83641791070039,0,0,0
32,2003,8.09733504809303,5.04115178338537,0,0,0
32,2004,8.55115059375892,6.70312048720363,0,0,0
32,2005,8.36287179430918,4.88068405631568,0,0,0
32,2006,8.50580262519709,6.17658523215144,0,0,0
32,2007,8.25235171197871,4.49145369694498,0,0,0
32,2008,8.3005775409903,5.21636607754082,0,0,0
32,2009,8.2566044271082,5.44115518469082,0,0,0
32,2010,7.7702259200839,4.56507886046052,0,0,0
33,2000,7.18829170168452,4.99220138807287,2008,2008,0
33,2001,8.59833779206684,5.47692675765735,2008,2008,0
33,2002,8.14523380353283,6.03655677498714,2008,2008,0
33,2003,9.70009024357732,4.17956276525991,2008,2008,0
33,2004,8.43469792480773,5.22019660863099,2008,2008,0
33,2005,7.14814079525159,6.10512515083639,2008,2008,0
33,2006,8.73871310021634,5.06895267201793,2008,2008,0
33,2007,8.62393400659095,5.68183353733835,2008,2008,0
33,2008,7.40035159209319,5.89378285605155,2008,2008,1
33,2009,7.58851513896666,5.71426801226535,2008,2008,1
33,2010,8.70447671733685,6.0226061435771,2008,2008,1
34,2000,8.29838309999364,5.4018330712181,2008,2008,0
34,2001,7.94406113057224,5.1690587891263,2008,2008,0
34,2002,8.56338849986715,3.38548083837682,2008,2008,0
34,2003,8.44015741258896,5.42564718521642,2008,2008,0
34,2004,7.63140532874013,5.84422775708799,2008,2008,0
34,2005,8.26443804098557,5.92831907269452,2008,2008,0
34,2006,7.66195673463938,5.0557773189494,2008,2008,0
34,2007,8.54270929871276,6.92360232782012,2008,2008,0
34,2008,8.2220558447562,5.72913953570306,2008,2008,1
34,2009,8.51797856939099,5.60105268676711,2008,2008,1
34,2010,7.8972031426518,6.51781342357482,2008,2008,1
35,2000,8.14431331312588,4.92522702294459,2004,2004,0
35,2001,8.21229537176963,5.13972910086023,2004,2004,0
35,2002,9.12057048458875,7.41796198403981,2004,2004,0
35,2003,7.31165053193276,5.50890334977671,2004,2004,0
35,2004,8.42339552850215,6.80685473712665,2004,2004,1
35,2005,8.48227330124765,4.34919468406838,2004,2004,1
35,2006,9.1722392305535,5.34758655836568,2004,2004,1
35,2007,8.76062097174448,5.80273912290947,2004,2004,1
35,2008,8.33234764004761,5.74003083616464,2004,2004,1
35,2009,8.48925005295153,4.69549099239133,2004,2004,1
35,2010,9.44015523059887,5.5154074197003,2004,2004,1
36,2000,8.99007757138991,4.63806347751041,2006,2006,0
36,2001,8.26234724861548,6.07016266019543,2006,2006,0
36,2002,7.9944211508667,6.36782007188852,2006,2006,0
36,2003,8.26401213773408,3.72000984281007,2006,2006,0
36,2004,8.47418571178825,6.48855476984011,2006,2006,0
36,2005,8.2779819616316,4.50716440255321,2006,2006,0
36,2006,8.43680287181203,5.86381541518611,2006,2006,1
36,2007,8.05462666592487,6.02792211051409,2006,2006,1
36,2008,8.83914430042015,5.34008813751885,2006,2006,1
36,2009,8.87991869721256,4.98390883451217,2006,2006,1
36,2010,9.27654642326484,5.63225681699364,2006,2006,1
37,2000,7.92582404603734,5.85105496057156,2008,2008,0
37,2001,8.03484680903241,6.20664225595896,2008,2008,0
37,2002,7.28373903063332,3.85813041287844,2008,2008,0
37,2003,8.15150798527644,4.19089658555278,2008,2008,0
37,2004,8.21986630641963,6.64432187295055,2008,2008,0
37,2005,7.39824989812291,6.33730307768924,2008,2008,0
37,2006,7.97946623279682,5.84823115912615,2008,2008,0
37,2007,9.06197116518922,6.07214272568885,2008,2008,0
37,2008,8.82895249488709,6.2337399341128,2008,2008,1
37,2009,7.77787786694207,3.37126176122746,2008,2008,1
37,2010,8.73539226846349,6.38822167731106,2008,2008,1
38,2000,7.52099112380438,5.11200992275014,2004,2004,0
38,2001,7.60739046352601,5.68449346450496,2004,2004,0
38,2002,8.34375330981763,5.26387375929314,2004,2004,0
38,2003,7.91313495122789,6.197571963263,2004,2004,0
38,2004,8.57600942834785,5.22122204083551,2004,2004,1
38,2005,8.65806527808832,5.9148030127106,2004,2004,1
38,2006,8.67676964436168,5.18745201708882,2004,2004,1
38,2007,7.75147844609607,4.6257702327188,2004,2004,1
38,2008,8.05447322171318,6.46800840835221,2004,2004,1
38,2009,9.37148225629754,6.09272000901942,2004,2004,1
38,2010,9.38804524763147,6.87940979132516,2004,2004,1
39,2000,7.89852925005718,5.55212314606344,2006,2006,0
39,2001,7.47259690277157,6.40000219666254,2006,2006,0
39,2002,8.70440370107723,7.08033524321526,2006,2006,0
39,2003,7.35115310609972,5.27481430796883,2006,2006,0
39,2004,7.41246406667348,4.44163910979583,2006,2006,0
39,2005,7.48250435827583,5.30851874628951,2006,2006,0
39,2006,7.1877362885413,5.32876700801169,2006,2006,1
39,2007,9.09095279591888,5.62134440360746,2006,2006,1
39,2008,8.30672615350897,6.86984398185543,2006,2006,1
39,2009,8.55186715492307,5.23908488599572,2006,2006,1
39,2010,8.73357836124623,5.79840372464393,2006,2006,1
40,2000,8.0120336669617,5.31785274808357,2004,2004,0
40,2001,7.40827919008939,5.51636056682003,2004,2004,0
40,2002,8.21806104248534,5.75124613080501,2004,2004,0
40,2003,7.19132294687577,6.56257175682959,2004,2004,0
40,2004,8.04863386121269,5.59705470199262,2004,2004,1
40,2005,8.1797041794621,6.07027385602489,2004,2004,1
40,2006,7.90656766704305,6.12308802382683,2004,2004,1
40,2007,8.01134711569845,6.23181861668451,2004,2004,1
40,2008,7.96598715202982,5.04048435825249,2004,2004,1
40,2009,9.07764752325657,6.80150497135574,2004,2004,1
40,2010,9.24273876859053,5.19523460856479,2004,2004,1
41,2000,7.389022186259,5.4153726658802,2004,2004,0
41,2001,8.5735983144901,6.62324021417134,2004,2004,0
41,2002,7.64526066936556,6.53526712491646,2004,2004,0
41,2003,7.28260019355569,4.62800650207101,2004,2004,0
41,2004,8.12342505417412,4.80154319966603,2004,2004,1
41,2005,8.57801582754484,4.41353675250351,2004,2004,1
41,2006,7.48723762482195,5.64547775409587,2004,2004,1
41,2007,9.60066192599541,5.63187269433477,2004,2004,1
41,2008,7.41399285228946,5.79129174988405,2004,2004,1
41,2009,8.97592814458391,5.94172617137485,2004,2004,1
41,2010,8.15365235537267,5.01848572321199,2004,2004,1
42,2000,8.2665087799548,4.70504112712103,2006,2006,0
42,2001,7.2982841179439,6.32142804485992,2006,2006,0
42,2002,7.73847535681975,6.10084904208506,2006,2006,0
42,2003,6.93633966354866,4.29266677013704,2006,2006,0
42,2004,7.9891717031187,5.42388203932057,2006,2006,0
42,2005,9.47767412449368,4.7832417417948,2006,2006,0
42,2006,8.5637294739053,3.84339914356643,2006,2006,1
42,2007,8.87106654104861,5.62009610495051,2006,2006,1
42,2008,8.73395999044793,5.43663063259313,2006,2006,1
42,2009,8.95191330301658,5.42210458598954,2006,2006,1
42,2010,8.70345545853291,5.67292203344099,2006,2006,1
43,2000,8.00351075171069,6.20597213151727,2006,2006,0
43,2001,7.67071407254435,5.66447800358671,2006,2006,0
43,2002,7.70728263839844,5.00685132570118,2006,2006,0
43,2003,7.35844252377854,4.91216059846298,2006,2006,0
43,2004,8.46465385999707,5.39455776556705,2006,2006,0
43,2005,8.64977914742752,5.74801358926316,2006,2006,0
43,2006,9.17869737068565,4.66825571783837,2006,2006,1
43,2007,8.19318856281162,5.35255290492609,2006,2006,1
43,2008,8.59138671438914,6.27381380813433,2006,2006,1
43,2009,10.4032813940045,5.41337592701241,2006,2006,1
43,2010,8.710830100055,4.94126346592449,2006,2006,1
44,2000,8.83093895618514,5.27924386525957,2006,2006,0
44,2001,7.4798518274955,6.39171883628958,2006,2006,0
44,2002,8.30519038918021,5.94003516897131,2006,2006,0
44,2003,8.12237970534509,6.48934064006528,2006,2006,0
44,2004,8.84742809986316,5.61127828572942,2006,2006,0
44,2005,7.74040178058897,5.82822007719234,2006,2006,0
44,2006,8.39115434568224,5.05323447012149,2006,2006,1
44,2007,7.80323459559892,5.98429653514427,2006,2006,1
44,2008,8.50391413983002,5.09493316624861,2006,2006,1
44,2009,8.13655938472658,4.3635475962434,2006,2006,1
44,2010,9.27876734637973,5.6023943725473,2006,2006,1
45,2000,8.13867360022541,7.05668097418515,2004,2004,0
45,2001,8.02332679207141,6.14073147165845,2004,2004,0
45,2002,9.20560610261367,6.43220271195701,2004,2004,0
45,2003,8.87314836258374,5.78708457847452,2004,2004,0
45,2004,7.669132696329,5.01315425734702,2004,2004,1
45,2005,8.44946536082685,5.33820731591177,2004,2004,1
45,2006,7.66535594644304,5.28140151455046,2004,2004,1
45,2007,8.19307091964966,5.12504017617433,2004,2004,1
45,2008,9.39728363672482,6.06333382714377,2004,2004,1
45,2009,9.8719282005447,4.54210919810767,2004,2004,1
45,2010,8.75600148792399,6.19309290569022,2004,2004,1
46,2000,7.50399430831174,6.19132198898071,2004,2004,0
46,2001,7.03942004905223,4.541102112745,2004,2004,0
46,2002,7.06717338686196,6.01159359832043,2004,2004,0
46,2003,9.02200844534542,7.44418132187561,2004,2004,0
46,2004,7.9645315666139,5.05422761444671,2004,2004,1
46,2005,6.88362048785193,6.17592339312646,2004,2004,1
46,2006,8.06242212009857,4.87423852350448,2004,2004,1
46,2007,9.50683815931632,6.38856913456224,2004,2004,1
46,2008,9.54243712241099,5.69985977594125,2004,2004,1
46,2009,8.33209017709162,6.82153231329853,2004,2004,1
46,2010,8.15915031618038,4.33282341717047,2004,2004,1
47,2000,7.30216586916507,5.45896169109971,2004,2004,0
47,2001,8.43225724887952,5.07845985909952,2004,2004,0
47,2002,8.70083392835982,5.34218810473896,2004,2004,0
47,2003,6.39125388374761,4.9963370058512,2004,2004,0
47,2004,8.4980311138918,4.832925135572,2004,2004,1
47,2005,8.23249361499155,5.96297789969316,2004,2004,1
47,2006,8.37244128278876,4.62993542873846,2004,2004,1
47,2007,7.63140496570192,6.68722474524503,2004,2004,1
47,2008,7.98664046365965,4.551034731749,2004,2004,1
47,2009,8.66367529148641,5.58086332111622,2004,2004,1
47,2010,9.52263910331405,5.92639142946118,2004,2004,1
48,2000,8.75738232963952,5.9693882712741,2006,2006,0
48,2001,8.36248207040424,5.2586026689069,2006,2006,0
48,2002,9.3203403024681,5.56360159626272,2006,2006,0
48,2003,7.68645303694089,6.26901132144774,2006,2006,0
48,2004,7.94027758665603,4.33482726633886,2006,2006,0
48,2005,8.08972774902861,4.87460823077433,2006,2006,0
48,2006,8.08128360541944,5.75632185145329,2006,2006,1
48,2007,8.68131933931158,5.14417441733041,2006,2006,1
48,2008,9.57081310871462,6.5960031951768,2006,2006,1
48,2009,9.34755581169824,6.03860309068387,2006,2006,1
48,2010,8.60654626196523,5.5577334019318,2006,2006,1
49,2000,7.78603861025483,4.29379414597066,2004,2004,0
49,2001,8.54338773344486,5.52088018026099,2004,2004,0
49,2002,8.16333019287429,5.24686730544241,2004,2004,0
49,2003,8.61554034396154,5.41812278918352,2004,2004,0
49,2004,8.30098804464216,4.55475261835545,2004,2004,1
49,2005,8.84168307118802,5.89892643506394,2004,2004,1
49,2006,7.79714644999181,4.66883484775437,2004,2004,1
49,2007,9.59535751899315,5.31902241484607,2004,2004,1
49,2008,8.40697966832085,5.80514066356108,2004,2004,1
49,2009,7.27763153010588,4.87318736878956,2004,2004,1
49,2010,8.50781496156314,5.96639312454405,2004,2004,1
50,2000,8.08665354897444,4.44679167867865,0,0,0
50,2001,8.7094981493694,3.25218025683157,0,0,0
50,2002,7.17988804422084,5.87197439262868,0,0,0
50,2003,7.41675905016668,6.1724318615688,0,0,0
50,2004,8.98945648450142,5.27132366112689,0,0,0
50,2005,8.00688456420413,5.90330100367329,0,0,0
50,2006,8.18982434650212,4.57526677993306,0,0,0
50,2007,7.6799233702294,5.39828111453947,0,0,0
50,2008,7.95527479558244,3.94678529916751,0,0,0
50,2009,8.27501253279375,6.44494471315082,0,0,0
50,2010,8.11026798481868,6.98792868923453,0,0,0
51,2000,7.99881526321634,6.35920980822559,2004,2004,0
51,2001,7.45458113364753,5.47812242686901,2004,2004,0
51,2002,6.08678201924042,5.47333572617926,2004,2004,0
51,2003,9.56193093991928,4.28714590147912,2004,2004,0
51,2004,9.19457523803961,6.13230827511058,2004,2004,1
51,2005,7.63035068912201,5.33141265544658,2004,2004,1
51,2006,8.25195888439791,4.97460565971114,2004,2004,1
51,2007,9.46317321166931,4.37037936587335,2004,2004,1
51,2008,9.09604876725729,5.26019000268298,2004,2004,1
51,2009,9.47593529853589,4.82075109198663,2004,2004,1
51,2010,8.28470885309057,5.18237558373773,2004,2004,1
52,2000,9.13821673071796,4.52592000978912,2006,2006,0
52,2001,7.63392696417091,6.85007158635656,2006,2006,0
52,2002,8.45940653844669,5.48719797823362,2006,2006,0
52,2003,8.52118179031395,6.35995606181791,2006,2006,0
52,2004,7.54052578371656,3.41864026379388,2006,2006,0
52,2005,7.86969987909467,5.13744173600413,2006,2006,0
52,2006,7.66160490908856,4.95961416672634,2006,2006,1
52,2007,8.8288711977043,4.52165905650727,2006,2006,1
52,2008,8.80411423175886,6.73728732337928,2006,2006,1
52,2009,8.67738904988495,4.36777446418441,2006,2006,1
52,2010,8.38914901940108,5.75471220832642,2006,2006,1
53,2000,7.6347724352513,6.17714902846375,2008,2008,0
53,2001,7.12138930942865,5.64255215073442,2008,2008,0
53,2002,8.4785897086263,4.79979561800359,2008,2008,0
53,2003,7.77605161207917,6.25293264537933,2008,2008,0
53,2004,7.16860178284127,5.63647046547267,2008,2008,0
53,2005,7.53413265010027,4.64920167489436,2008,2008,0
53,2006,7.66458107895102,4.38956076191835,2008,2008,0
53,2007,9.00628223398558,7.16937394759452,2008,2008,0
53,2008,8.36054273505965,4.95719748366525,2008,2008,1
53,2009,7.46815120725862,4.01554267686557,2008,2008,1
53,2010,8.35599958312998,5.92660749020292,2008,2008,1
54,2000,8.38148493478944,5.74818420484872,2004,2004,0
54,2001,7.44246413357976,4.41693253142192,2004,2004,0
54,2002,7.79465765743128,3.94563486913444,2004,2004,0
54,2003,9.02205216656809,5.40695798627312,2004,2004,0
54,2004,8.1293650498458,6.41151703336754,2004,2004,1
54,2005,8.90773343863078,6.00889922814572,2004,2004,1
54,2006,8.82094838347082,5.10565006067042,2004,2004,1
54,2007,8.13039972825655,4.8326494147325,2004,2004,1
54,2008,8.15612619050994,5.71685340540044,2004,2004,1
54,2009,8.79260401601844,5.62588267777293,2004,2004,1
54,2010,9.66805021386772,6.00376939735418,2004,2004,1
55,2000,8.5431212465263,5.18336163976888,2006,2006,0
55,2001,7.78247325617365,6.21948324256248,2006,2006,0
55,2002,7.54387787182966,4.835350778131,2006,2006,0
55,2003,7.83962502940744,5.23556423990403,2006,2006,0
55,2004,8.55132567031522,6.09265161898072,2006,2006,0
55,2005,7.85954335245923,6.29197728690169,2006,2006,0
55,2006,7.97151585115916,3.9491962388373,2006,2006,1
55,2007,9.05781798613688,5.58575232561292,2006,2006,1
55,2008,8.369413982715,5.9870232093877,2006,2006,1
55,2009,8.24574604617163,4.33934054920749,2006,2006,1
55,2010,9.59885513216309,5.88450047990017,2006,2006,1
56,2000,9.34221778967672,4.83746058368256,2004,2004,0
56,2001,8.08876250603357,6.31620240973154,2004,2004,0
56,2002,8.30001373798798,5.93078562568211,2004,2004,0
56,2003,7.52121524446763,6.11524183599649,2004,2004,0
56,2004,8.67114329260525,5.59657546342963,2004,2004,1
56,2005,7.74720579053178,6.1909187473262,2004,2004,1
56,2006,7.67670176117955,6.60441162265163,2004,2004,1
56,2007,8.26061923143036,7.07299841236451,2004,2004,1
56,2008,9.00431662185027,5.47728395620075,2004,2004,1
56,2009,9.93727377605834,3.70075912773408,2004,2004,1
56,2010,8.15805035866753,5.52522080367519,2004,2004,1
57,2000,8.06246674988997,5.66444896675998,2004,2004,0
57,2001,8.44544606080986,5.37572372228448,2004,2004,0
57,2002,9.0563556255661,5.95463089662166,2004,2004,0
57,2003,7.72142056117021,6.30854237161141,2004,2004,0
57,2004,8.54606929033267,5.08561405586574,2004,2004,1
57,2005,8.0351142581261,5.26472373827511,2004,2004,1
57,2006,9.4422710084566,5.81827376704027,2004,2004,1
57,2007,8.16392709466314,5.05982100680869,2004,2004,1
57,2008,7.44142330462205,5.57301390679059,2004,2004,1
57,2009,9.71126157356374,3.93063392089176,2004,2004,1
57,2010,9.32182124803125,4.6040802228819,2004,2004,1
58,2000,8.106385780607,4.4377956195167,2008,2008,0
58,2001,7.87103859838514,4.81710104261821,2008,2008,0
58,2002,7.41203340028595,4.94535637765547,2008,2008,0
58,2003,7.8664323523598,5.8058441140371,2008,2008,0
58,2004,7.75911790388428,6.28569040201811,2008,2008,0
58,2005,8.42499677832721,4.91809317672997,2008,2008,0
58,2006,7.90555563200654,4.7025288140976,2008,2008,0
58,2007,8.14920702289121,4.66664891280839,2008,2008,0
58,2008,8.7679529500095,5.16832901890906,2008,2008,1
58,2009,8.58574760006978,5.30877674547795,2008,2008,1
58,2010,9.03422849811227,5.88689402707062,2008,2008,1
59,2000,7.91570908477454,5.24294012626529,0,0,0
59,2001,7.82938263380918,3.83720858491198,0,0,0
59,2002,8.28719633549533,5.42685257955989,0,0,0
59,2003,7.54961545386626,6.44974944852125,0,0,0
59,2004,8.46142740057371,6.45328101480826,0,0,0
59,2005,7.30628722394648,4.86882942551102,0,0,0
59,2006,8.26233793883565,4.26177876508994,0,0,0
59,2007,8.34403690349927,7.46644839349222,0,0,0
59,2008,8.56286221379752,5.37006244601646,0,0,0
59,2009,7.93507592124671,5.42203899991551,0,0,0
59,2010,8.86113857994341,5.83645935095852,0,0,0
60,2000,7.22505088885541,4.2087684347047,2006,2006,0
60,2001,6.89643298203771,4.91742471104697,2006,2006,0
60,2002,7.12891164727778,4.26764607576799,2006,2006,0
60,2003,8.36255303055828,4.94552430879152,2006,2006,0
60,2004,8.79983554357016,5.59507954640365,2006,2006,0
60,2005,8.85460050294771,4.40823243361047,2006,2006,0
60,2006,8.2916567151688,5.97198614349385,2006,2006,1
60,2007,9.0066724479686,5.73147522305387,2006,2006,1
60,2008,8.69852120939805,4.77662797950349,2006,2006,1
60,2009,8.30290462866674,5.68105995390485,2006,2006,1
60,2010,7.58042197460424,6.09846492999507,2006,2006,1
61,2000,8.47055562872684,6.34887620260939,2008,2008,0
61,2001,7.92040675065833,5.32972137708278,2008,2008,0
61,2002,8.05404509102336,5.42509056487116,2008,2008,0
61,2003,8.00594492009408,5.43062869201446,2008,2008,0
61,2004,7.14222280140837,6.65316940484404,2008,2008,0
61,2005,7.79090186971894,6.4000575138224,2008,2008,0
61,2006,8.06704970634097,6.16752125420563,2008,2008,0
61,2007,8.665415612214,5.27012736012745,2008,2008,0
61,2008,7.98003774798396,5.79859314733312,2008,2008,1
61,2009,8.9008255522797,5.82263226497656,2008,2008,1
61,2010,8.22849100886022,4.66666136456854,2008,2008,1
62,2000,8.46639890327691,4.11735638774341,2004,2004,0
62,2001,8.04404523184347,6.01346402212129,2004,2004,0
62,2002,7.83104348013645,4.27655157505566,2004,2004,0
62,2003,8.47364077553901,5.50134695078737,2004,2004,0
62,2004,8.45659273053198,5.70019825707866,2004,2004,1
62,2005,7.34459947897879,5.95109391224471,2004,2004,1
62,2006,9.3685761070689,5.65154099001185,2004,2004,1
62,2007,7.88617918200192,4.9137169549623,2004,2004,1
62,2008,8.93556211351981,6.28909268791637,2004,2004,1
62,2009,9.04820679766169,6.890907013525,2004,2004,1
62,2010,8.22264905606234,6.20494304714035,2004,2004,1
63,2000,6.72230683865178,3.94507927894082,2006,2006,0
63,2001,7.39767837162209,6.61966094832236,2006,2006,0
63,2002,7.92870779970012,5.45515524305099,2006,2006,0
63,2003,7.94771284525239,5.91993142345543,2006,2006,0
63,2004,7.29197432548999,5.99762658869685,2006,2006,0
63,2005,8.48128365503699,5.42265114143464,2006,2006,0
63,2006,8.87207755093052,5.43978944188102,2006,2006,1
63,2007,7.70937020994424,6.31532565546472,2006,2006,1
63,2008,8.90513890334591,6.069281537989,2006,2006,1
63,2009,8.04338595540881,6.29220979683538,2006,2006,1
63,2010,8.59709561499138,7.40634135618426,2006,2006,1
64,2000,8.96075362262401,6.03153269095527,2004,2004,0
64,2001,8.56573828845548,5.66590492590825,2004,2004,0
64,2002,7.80247483696629,3.7314935115395,2004,2004,0
64,2003,8.00915136081143,7.65337120259689,2004,2004,0
64,2004,7.86340860249499,5.11385854256295,2004,2004,1
64,2005,8.87049277006385,7.39978777207632,2004,2004,1
64,2006,7.62333116949313,5.79971485440399,2004,2004,1
64,2007,7.29819046315105,6.73074415911744,2004,2004,1
64,2008,9.98579638078071,5.41223174305901,2004,2004,1
64,2009,9.75772496246852,5.9091766037585,2004,2004,1
64,2010,9.05978592374146,5.67116638371381,2004,2004,1
65,2000,8.19842778472575,5.3511034405012,0,0,0
65,2001,8.52929051074121,5.403684940302,0,0,0
65,2002,8.5772826859298,6.3102674686754,0,0,0
65,2003,8.09276028327012,5.3388334824228,0,0,0
65,2004,8.49275276989293,3.86985400444736,0,0,0
65,2005,7.48991123390094,5.34328860093614,0,0,0
65,2006,8.8269910916369,5.93183248442902,0,0,0
65,2007,8.04652975127866,5.99316457308115,0,0,0
65,2008,7.53081289864506,5.99325425398195,0,0,0
65,2009,8.69552987935729,4.14631878330473,0,0,0
65,2010,7.70685057153842,5.79499364640896,0,0,0
66,2000,8.2337025412171,6.27428736795765,2006,2006,0
66,2001,7.05255994699617,6.52126294517413,2006,2006,0
66,2002,8.04940483345368,5.32003098316471,2006,2006,0
66,2003,8.73036738359142,5.24248593105376,2006,2006,0
66,2004,8.72033034761598,6.69027026550243,2006,2006,0
66,2005,9.21659931745292,4.16565756337654,2006,2006,0
66,2006,8.87705403683858,5.1505360184695,2006,2006,1
66,2007,9.04885387028793,5.86596966348596,2006,2006,1
66,2008,7.74622591247202,4.20578098769502,2006,2006,1
66,2009,9.25295271484626,5.72370228994541,2006,2006,1
66,2010,9.32629786368541,7.00229121684175,2006,2006,1
67,2000,9.09023647973804,5.49675147725093,0,0,0
67,2001,6.98565776262828,5.27723678002913,0,0,0
67,2002,8.57831025186708,5.87992937122724,0,0,0
67,2003,8.89853905314789,5.27674226337015,0,0,0
67,2004,7.5491603260044,6.15072029926325,0,0,0
67,2005,8.34741725826456,6.22354837155976,0,0,0
67,2006,9.26413324235645,5.5021533289841,0,0,0
67,2007,7.59286057897135,4.55864627380022,0,0,0
67,2008,8.39361617785318,4.44542341803273,0,0,0
67,2009,8.43471164634792,5.02560210747575,0,0,0
67,2010,8.81407817866024,6.13790440043987,0,0,0
68,2000,7.44302593278097,3.93343586027446,0,0,0
68,2001,8.59187976856873,3.99093987301396,0,0,0
68,2002,7.71911142098829,4.97697614019192,0,0,0
68,2003,7.85913254388444,5.81551587838447,0,0,0
68,2004,8.07599978938546,4.76914716146801,0,0,0
68,2005,8.52569707241194,6.20939922967685,0,0,0
68,2006,8.04203354752636,5.76669597612415,0,0,0
68,2007,8.28484016192387,5.36348830540911,0,0,0
68,2008,8.04812700137458,6.15506250922542,0,0,0
68,2009,7.97083251783737,5.81069213025549,0,0,0
68,2010,8.02438433698773,5.14325197823027,0,0,0
69,2000,8.21633351290695,5.68489194753453,2008,2008,0
69,2001,8.63733759016707,6.01801068638207,2008,2008,0
69,2002,8.76357152438875,5.78502667588964,2008,2008,0
69,2003,7.73378732877461,4.97359183364042,2008,2008,0
69,2004,7.62922118676694,6.18416176405135,2008,2008,0
69,2005,8.70919329921726,6.42234898044689,2008,2008,0
69,2006,8.73502608437569,5.72101964523467,2008,2008,0
69,2007,6.82675641060623,5.61528372996975,2008,2008,0
69,2008,8.79103946035696,5.43949993537613,2008,2008,1
69,2009,7.88140804496495,7.22913267704223,2008,2008,1
69,2010,8.18367808584647,5.72105242570863,2008,2008,1
70,2000,8.69459036409603,5.37336477704005,2006,2006,0
70,2001,9.65317559021205,3.4936657582422,2006,2006,0
70,2002,7.36901870415791,4.24777458797557,2006,2006,0
70,2003,8.06279454022887,5.43786143951155,2006,2006,0
70,2004,8.30249098575349,5.66503523587448,2006,2006,0
70,2005,8.09958352166193,5.72149796708929,2006,2006,0
70,2006,9.27014062488728,6.15720542435889,2006,2006,1
70,2007,8.48415073916433,5.34467807254363,2006,2006,1
70,2008,8.47043957621955,6.47167103558605,2006,2006,1
70,2009,8.4498636504808,4.76278716570434,2006,2006,1
70,2010,8.9383599837515,4.53324582364555,2006,2006,1
71,2000,7.049705916416,4.51681105795695,2008,2008,0
71,2001,8.4298506620378,6.09383761934921,2008,2008,0
71,2002,7.76185271996006,5.43366404612862,2008,2008,0
71,2003,8.11494073645024,6.1318543374564,2008,2008,0
71,2004,7.37586338332514,5.28583486275433,2008,2008,0
71,2005,8.60488371898036,5.02648631822975,2008,2008,0
71,2006,7.7247130794922,5.2053179398988,2008,2008,0
71,2007,7.53746297562423,4.01790654060662,2008,2008,0
71,2008,8.62683049975558,4.56430779166871,2008,2008,1
71,2009,8.16085091291407,4.34637228291324,2008,2008,1
71,2010,8.17362250536722,6.34345781758028,2008,2008,1
72,2000,8.1901395090667,5.02213592690976,2008,2008,0
72,2001,8.18112758632141,6.13156788223214,2008,2008,0
72,2002,6.93709406491859,6.71319248135357,2008,2008,0
72,2003,8.58987872225046,5.34658015271205,2008,2008,0
72,2004,7.56355608923063,5.72710312508188,2008,2008,0
72,2005,7.3222571452703,4.09914598448314,2008,2008,0
72,2006,8.53823953345729,4.84506417798416,2008,2008,0
72,2007,7.32864222880396,5.54497187950627,2008,2008,0
72,2008,7.32007513396116,5.73926952266892,2008,2008,1
72,2009,9.03354110415268,4.89248150616089,2008,2008,1
72,2010,8.21777567516707,7.64788719938144,2008,2008,1
73,2000,8.80990376829369,5.13328788872609,2008,2008,0
73,2001,8.29774784123452,5.55139484530403,2008,2008,0
73,2002,8.48565744976555,6.01983349372281,2008,2008,0
73,2003,8.05336932559517,5.4791850921808,2008,2008,0
73,2004,7.64566598772542,4.98514609037831,2008,2008,0
73,2005,8.03839408716573,6.33624453117064,2008,2008,0
73,2006,7.87972745234174,6.79243625856576,2008,2008,0
73,2007,8.89429255365001,5.47624482316013,2008,2008,0
73,2008,8.09563911705047,5.94981387632245,2008,2008,1
73,2009,8.92076555695247,5.4220700011979,2008,2008,1
73,2010,8.37703737814908,6.31316417416173,2008,2008,1
74,2000,7.43733654738828,4.57506608459212,2004,2004,0
74,2001,8.77415519629752,7.35668817919558,2004,2004,0
74,2002,7.82294592326895,5.01717500176933,2004,2004,0
74,2003,8.27162431340072,4.33292046844953,2004,2004,0
74,2004,9.00044866259582,5.21926573824554,2004,2004,1
74,2005,7.6293680881622,5.617366787316,2004,2004,1
74,2006,9.24801302149127,6.79889696614418,2004,2004,1
74,2007,7.78414131178669,6.22896774141706,2004,2004,1
74,2008,9.02478498980768,5.61396674563663,2004,2004,1
74,2009,8.59483805677236,4.38841318080947,2004,2004,1
74,2010,9.40060911205101,4.80716980426231,2004,2004,1
75,2000,7.67109212507016,5.36937205421656,2006,2006,0
75,2001,7.62264744654922,7.54242089076847,2006,2006,0
75,2002,8.92468198295068,4.01181794062527,2006,2006,0
75,2003,7.7267989145273,6.40484372147682,2006,2006,0
75,2004,7.91636554964128,5.07821259421286,2006,2006,0
75,2005,8.24080602055255,6.83279271998993,2006,2006,0
75,2006,8.57867762583724,4.58863948802128,2006,2006,1
75,2007,8.28868976822015,5.6148985877302,2006,2006,1
75,2008,8.08221288096267,4.6203592466378,2006,2006,1
75,2009,9.57410201284723,6.22281314108934,2006,2006,1
75,2010,8.25711813516864,6.68702359099047,2006,2006,1
76,2000,8.79676844928898,7.06057680512092,2004,2004,0
76,2001,8.0654201651709,6.13808052607162,2004,2004,0
76,2002,7.31279644732873,6.97461300366226,2004,2004,0
76,2003,7.81668904805677,6.49713912692932,2004,2004,0
76,2004,8.6633443018054,5.39450007054079,2004,2004,1
76,2005,8.83667922255674,5.88162979062776,2004,2004,1
76,2006,9.27816896724956,4.72240463081925,2004,2004,1
76,2007,8.2825600307585,5.3518382644792,2004,2004,1
76,2008,8.0555421049849,6.47677096667906,2004,2004,1
76,2009,9.1408311185103,5.93302731478588,2004,2004,1
76,2010,8.92358075966666,5.86588586530026,2004,2004,1
77,2000,7.7534077822528,4.66949516825024,2006,2006,0
77,2001,8.98096511833776,5.01638941573271,2006,2006,0
77,2002,7.40273924476058,4.88831518899715,2006,2006,0
77,2003,8.90871244116049,5.8162366960108,2006,2006,0
77,2004,7.06104123569117,4.70759389562675,2006,2006,0
77,2005,8.49331013456852,5.94963311207924,2006,2006,0
77,2006,7.81616297091556,4.60686687045317,2006,2006,1
77,2007,7.77972828135465,6.96282436650829,2006,2006,1
77,2008,7.58714545757489,5.86847307958248,2006,2006,1
77,2009,8.78475422769364,4.93919711019738,2006,2006,1
77,2010,8.65294574220133,5.69283674600098,2006,2006,1
78,2000,7.90814487795557,5.21803744061764,2008,2008,0
78,2001,8.6548827174602,5.79691836780773,2008,2008,0
78,2002,8.31050833991327,5.69482617500824,2008,2008,0
78,2003,8.13224225416828,4.68870866187082,2008,2008,0
78,2004,7.75109618802138,4.86694889694442,2008,2008,0
78,2005,8.21220133896773,5.73967494779165,2008,2008,0
78,2006,8.36105255229963,6.81124152700125,2008,2008,0
78,2007,8.20548263095853,6.36769360693674,2008,2008,0
78,2008,8.17270330294558,5.00034602110552,2008,2008,1
78,2009,7.41238739384033,6.160738321318,2008,2008,1
78,2010,8.13304160596664,5.46114531779497,2008,2008,1
79,2000,9.06062415393557,5.74105092137472,2006,2006,0
79,2001,7.86797619606642,5.70828919258925,2006,2006,0
79,2002,7.74540555079555,7.56035981097871,2006,2006,0
79,2003,7.86856537522893,4.55176895153022,2006,2006,0
79,2004,8.2479520922035,5.58073588721029,2006,2006,0
79,2005,8.56186608525713,4.07601816962591,2006,2006,0
79,2006,8.25823446091414,5.97186873836701,2006,2006,1
79,2007,8.80611902288105,6.37728677737712,2006,2006,1
79,2008,7.66290007777074,6.65652979288092,2006,2006,1
79,2009,8.14528527553438,3.9598837985303,2006,2006,1
79,2010,8.12928765671507,5.83021559775522,2006,2006,1
80,2000,8.30392184131572,6.77469596110692,2004,2004,0
80,2001,7.89444156603911,5.16878730956616,2004,2004,0
80,2002,8.77326484732124,5.33027957433444,2004,2004,0
80,2003,9.19950080376,5.47077022223621,2004,2004,0
80,2004,7.76770623545661,5.79201500114643,2004,2004,1
80,2005,8.12789122734031,6.03212790059677,2004,2004,1
80,2006,8.17075303420603,6.55425670696919,2004,2004,1
80,2007,8.33008491191032,5.42360992764401,2004,2004,1
80,2008,8.6172503532299,5.65702243637798,2004,2004,1
80,2009,9.64622946527417,7.49039830177717,2004,2004,1
80,2010,8.24742920579513,5.84487914249199,2004,2004,1
81,2000,7.15127924412737,5.65100248746387,2004,2004,0
81,2001,7.94357893473308,4.42620549977324,2004,2004,0
81,2002,7.96633475404851,5.50228483809778,2004,2004,0
81,2003,8.29341653327057,5.3229390774665,2004,2004,0
81,2004,7.45194122963753,5.4911633361525,2004,2004,1
81,2005,8.10224398886779,5.03966588698307,2004,2004,1
81,2006,8.28798681911314,4.95054747804584,2004,2004,1
81,2007,8.99202748038506,4.9233810945439,2004,2004,1
81,2008,8.99460755449642,5.32839638768018,2004,2004,1
81,2009,8.54782948374795,6.5945061184229,2004,2004,1
81,2010,8.4475276009072,6.33926930124746,2004,2004,1
82,2000,8.35967281695717,5.21201990564555,2008,2008,0
82,2001,7.38280752938857,4.15126683636901,2008,2008,0
82,2002,7.4999349096498,4.82433325717124,2008,2008,0
82,2003,7.92350625552334,5.13379157340759,2008,2008,0
82,2004,8.48798305584308,5.58291040338264,2008,2008,0
82,2005,8.14189307156972,4.96991417943935,2008,2008,0
82,2006,8.12545411035459,7.10534455266551,2008,2008,0
82,2007,7.71862115616874,5.28218597246532,2008,2008,0
82,2008,7.91055441024703,4.52884442380839,2008,2008,1
82,2009,8.29123870082891,5.38699059417399,2008,2008,1
82,2010,8.16271250288944,4.69569793472527,2008,2008,1
83,2000,8.28730471272412,5.62492456582026,2006,2006,0
83,2001,8.6815956943474,5.6869068912719,2006,2006,0
83,2002,7.93813799158495,5.78447008930271,2006,2006,0
83,2003,8.03382633416668,4.20251339270063,2006,2006,0
83,2004,8.36702280007941,5.67656903277652,2006,2006,0
83,2005,8.42882656863841,5.74836006443332,2006,2006,0
83,2006,8.09732768229292,4.36311324199641,2006,2006,1
83,2007,8.63567237141463,6.26429251178433,2006,2006,1
83,2008,9.12152610741144,6.12733670327547,2006,2006,1
83,2009,8.0450155509474,7.33969548892356,2006,2006,1
83,2010,9.54419656667477,5.62536238990058,2006,2006,1
84,2000,7.90264250750458,5.5373868220144,2008,2008,0
84,2001,8.05075892958748,5.57726866726595,2008,2008,0
84,2002,7.46013266313654,5.55581298472024,2008,2008,0
84,2003,7.62291807388166,4.02122177972987,2008,2008,0
84,2004,8.16742280716072,4.16309835308621,2008,2008,0
84,2005,7.11855031167533,5.43796882656704,2008,2008,0
84,2006,7.5453373663759,5.0351460955468,2008,2008,0
84,2007,8.38047836766757,5.54378922004594,2008,2008,0
84,2008,7.56362527055824,3.81103330139157,2008,2008,1
84,2009,7.84571505167745,4.30104139637859,2008,2008,1
84,2010,8.53335291685033,4.61881324884901,2008,2008,1
85,2000,7.7724497469031,6.2888465768482,2004,2004,0
85,2001,6.84470420156224,4.62120799432791,2004,2004,0
85,2002,8.40965618273898,4.86038883713878,2004,2004,0
85,2003,7.13593388267696,5.56389905493924,2004,2004,0
85,2004,8.29916298849831,5.24180291053991,2004,2004,1
85,2005,8.7025309790944,5.61713374293437,2004,2004,1
85,2006,8.03596786664822,7.34404958563655,2004,2004,1
85,2007,8.20248238790962,4.60031706299341,2004,2004,1
85,2008,9.39341591192258,5.25562428807216,2004,2004,1
85,2009,8.62983569323122,5.08659244020501,2004,2004,1
85,2010,8.68556886212037,6.70991634146596,2004,2004,1
86,2000,6.91559915709281,4.88441206168778,2006,2006,0
86,2001,6.93181323079995,5.43433047697942,2006,2006,0
86,2002,7.42371544714025,6.12970689145817,2006,2006,0
86,2003,8.16301923570495,4.65312757124128,2006,2006,0
86,2004,7.50911681209138,6.82414065259361,2006,2006,0
86,2005,8.48740609946094,6.0406099323794,2006,2006,0
86,2006,8.00990744446184,4.64063471237572,2006,2006,1
86,2007,7.86129946818041,5.86366224724619,2006,2006,1
86,2008,8.4029941492296,5.32935428541355,2006,2006,1
86,2009,8.36896488786254,5.75058301759547,2006,2006,1
86,2010,8.36426381744666,5.42801984238747,2006,2006,1
87,2000,7.80339106923134,6.35641282942268,0,0,0
87,2001,7.99086753589566,4.41911969143733,0,0,0
87,2002,8.24219431810678,5.08190664224327,0,0,0
87,2003,8.1552429773497,5.30064745779568,0,0,0
87,2004,7.72722858982772,4.70336102011893,0,0,0
87,2005,8.32447654747627,4.66803596498704,0,0,0
87,2006,8.24758144828124,5.48561580753867,0,0,0
87,2007,8.48792065445882,5.39425989371461,0,0,0
87,2008,7.64194542815865,3.46052578019965,0,0,0
87,2009,7.72760178720022,6.3324587645755,0,0,0
87,2010,7.92876648902729,5.69978058878815,0,0,0
88,2000,8.38599550469792,7.43296589851866,0,0,0
88,2001,8.04749322257383,6.04815859044088,0,0,0
88,2002,8.36321096504131,5.14243255283041,0,0,0
88,2003,8.11425920126263,7.73791291756648,0,0,0
88,2004,7.77119461140613,7.76578081913241,0,0,0
88,2005,7.79057884221284,4.52503054696786,0,0,0
88,2006,8.85848442546627,5.87522556476434,0,0,0
88,2007,9.09667107324191,5.33100246509428,0,0,0
88,2008,7.82535944719843,5.64964091724321,0,0,0
88,2009,8.52468052954763,5.68203418285505,0,0,0
88,2010,8.54029960488296,4.49047962970476,0,0,0
89,2000,7.91778985469908,5.72847166419405,0,0,0
89,2001,8.45429520199578,6.89939789051344,0,0,0
89,2002,8.06453392931681,5.36872799669216,0,0,0
89,2003,7.88952141215395,5.36965863144124,0,0,0
89,2004,8.41337656012947,6.61885760506997,0,0,0
89,2005,8.56060473823033,6.21871699254636,0,0,0
89,2006,8.64396254152684,4.18120414529497,0,0,0
89,2007,8.5820783818315,5.68284557860975,0,0,0
89,2008,8.51721507171767,6.82283778774219,0,0,0
89,2009,7.7800897719292,6.63222107993531,0,0,0
89,2010,8.22387517704426,5.83596128305138,0,0,0
90,2000,8.71236570538305,6.07697664569032,2004,2004,0
90,2001,7.84400025311885,4.54245183024905,2004,2004,0
90,2002,8.17876552395653,5.7401052535051,2004,2004,0
90,2003,7.56865709994823,4.73644085184974,2004,2004,0
90,2004,8.91724844757174,5.13358554552245,2004,2004,1
90,2005,6.97063576045134,6.24848294702368,2004,2004,1
90,2006,8.04547689098606,4.59048551064709,2004,2004,1
90,2007,8.46811285251666,5.71353460069845,2004,2004,1
90,2008,7.93361505660366,5.84266563157724,2004,2004,1
90,2009,9.22994714489443,5.5439295758717,2004,2004,1
90,2010,7.82916108318786,6.95775105746833,2004,2004,1
91,2000,8.45265006922267,4.6821221371398,2004,2004,0
91,2001,6.93996629972326,5.98490420914848,2004,2004,0
91,2002,7.00319226163476,5.42885554603947,2004,2004,0
91,2003,7.1946371800329,5.29133420493286,2004,2004,0
91,2004,7.37607866167119,5.8712729870819,2004,2004,1
91,2005,8.53824832059767,4.68367952745286,2004,2004,1
91,2006,8.367535011588,4.44923926678528,2004,2004,1
91,2007,8.89702107774702,5.10441529961326,2004,2004,1
91,2008,7.45959705951488,6.90140571980436,2004,2004,1
91,2009,8.94021396222792,5.54461181969002,2004,2004,1
91,2010,9.30491077763811,5.76514751858231,2004,2004,1
92,2000,8.79369831593432,5.34812268985797,2008,2008,0
92,2001,8.50723756941622,5.87639418556306,2008,2008,0
92,2002,9.23355220529524,4.73865636558628,2008,2008,0
92,2003,8.24993093700878,6.42632837325491,2008,2008,0
92,2004,8.66198055988497,5.96776420819308,2008,2008,0
92,2005,7.26824138172524,4.85483774184664,2008,2008,0
92,2006,7.87498633842041,5.54364259664959,2008,2008,0
92,2007,7.8859834036811,6.0730652955993,2008,2008,0
92,2008,8.57679837122844,5.94618478564368,2008,2008,1
92,2009,7.94196758667474,6.6855472127015,2008,2008,1
92,2010,8.89403503627153,5.00960979608412,2008,2008,1
93,2000,7.54729775439478,6.39290929239231,2006,2006,0
93,2001,7.91032020750722,6.32923840795298,2006,2006,0
93,2002,7.94429678757885,5.37001349447772,2006,2006,0
93,2003,7.8107162923779,4.71925864574249,2006,2006,0
93,2004,8.73194938232095,4.62868384729239,2006,2006,0
93,2005,7.4858781798418,5.86622956635598,2006,2006,0
93,2006,8.28534554184189,5.44309861302328,2006,2006,1
93,2007,7.87844278760063,6.92328213348116,2006,2006,1
93,2008,8.06425660640066,5.92811036839696,2006,2006,1
93,2009,7.51957689634637,5.2024440998692,2006,2006,1
93,2010,8.24577951882451,4.67956620120231,2006,2006,1
94,2000,7.0701074882811,5.0340786603158,2008,2008,0
94,2001,6.98498767832998,5.77431071431787,2008,2008,0
94,2002,7.73407037261169,5.13925228235468,2008,2008,0
94,2003,8.31980697906333,5.91138409618455,2008,2008,0
94,2004,8.11445975724231,5.23252955826417,2008,2008,0
94,2005,8.26067016606323,5.41555207296442,2008,2008,0
94,2006,8.02148460711109,4.91559226175374,2008,2008,0
94,2007,8.0447308756579,7.02403486792696,2008,2008,0
94,2008,7.48368995951731,5.76609738517632,2008,2008,1
94,2009,8.00185385857672,5.68450691239956,2008,2008,1
94,2010,8.74965980384281,4.14651006809275,2008,2008,1
95,2000,7.65589575878872,6.02783351963946,2006,2006,0
95,2001,7.77665073830054,4.68110112889623,2006,2006,0
95,2002,8.14206156526349,4.78678274051656,2006,2006,0
95,2003,9.33311882010026,6.23467293681732,2006,2006,0
95,2004,8.00758014162367,5.13783948279342,2006,2006,0
95,2005,8.21834750293678,4.10130217599746,2006,2006,0
95,2006,7.91413313950514,6.91592328791148,2006,2006,1
95,2007,7.76159131768431,3.59807445968598,2006,2006,1
95,2008,8.13554461955558,5.95824922388767,2006,2006,1
95,2009,9.16001655190798,6.31379939926769,2006,2006,1
95,2010,9.00473058314786,4.99522570667157,2006,2006,1
96,2000,8.88418512913128,5.85542964112924,2004,2004,0
96,2001,7.86395367946155,5.85130431071084,2004,2004,0
96,2002,7.11230507610888,6.33249852233161,2004,2004,0
96,2003,8.2408723523236,5.88727951036202,2004,2004,0
96,2004,8.46828368500274,5.30409297672598,2004,2004,1
96,2005,9.3497959857187,6.23279364635217,2004,2004,1
96,2006,8.84341046196582,6.14049788520781,2004,2004,1
96,2007,8.63773059901143,4.75074477269137,2004,2004,1
96,2008,9.03272474409278,4.37937005280341,2004,2004,1
96,2009,8.84960913739524,5.62822203199454,2004,2004,1
96,2010,8.48466663048039,5.28083010017985,2004,2004,1
97,2000,8.62940190350226,4.71156870995016,2008,2008,0
97,2001,7.8492675407931,5.56714454361203,2008,2008,0
97,2002,7.64054307528354,4.44400277881048,2008,2008,0
97,2003,8.68520854268855,5.62898108106096,2008,2008,0
97,2004,8.08254588993609,5.00005728996646,2008,2008,0
97,2005,8.19092483150608,6.26573141935399,2008,2008,0
97,2006,7.75355841153833,7.43959131292923,2008,2008,0
97,2007,9.25784285620159,4.76721660505057,2008,2008,0
97,2008,8.51183956523456,6.34613133675438,2008,2008,1
97,2009,8.4208891299057,6.16011978221463,2008,2008,1
97,2010,8.48291937969765,5.44384462055571,2008,2008,1
98,2000,7.01142330163855,5.13708290075439,2004,2004,0
98,2001,7.98934001901732,6.76024616546999,2004,2004,0
98,2002,8.96979389673667,3.895633745411,2004,2004,0
98,2003,7.84328446939117,4.98544416672507,2004,2004,0
98,2004,8.46201878252236,4.35052524507378,2004,2004,1
98,2005,7.33722614983237,6.61625075115686,2004,2004,1
98,2006,7.38328306211318,5.34743725388411,2004,2004,1
98,2007,7.82903723359411,5.08026304042426,2004,2004,1
98,2008,8.8921403163724,8.04723557925306,2004,2004,1
98,2009,9.93143987235302,5.4599701856899,2004,2004,1
98,2010,8.45452322372138,5.14500055050678,2004,2004,1
99,2000,8.34700712015744,5.73989220010892,2006,2006,0
99,2001,7.49182662327093,4.24526030339602,2006,2006,0
99,2002,7.6423532700466,5.89224211413765,2006,2006,0
99,2003,7.32460186270772,5.42306943913603,2006,2006,0
99,2004,8.88987811214522,5.87482009802412,2006,2006,0
99,2005,8.96164350829014,4.71410349124972,2006,2006,0
99,2006,9.05584613534518,4.68161292628165,2006,2006,1
99,2007,8.54151708026111,4.94526826937905,2006,2006,1
99,2008,8.40789300414041,4.88560834152577,2006,2006,1
99,2009,8.80738121721684,6.53923997334687,2006,2006,1
99,2010,8.96163082736689,6.76331644944647,2006,2006,1
100,2000,7.42191037885666,5.37448643756875,2006,2006,0
100,2001,7.53005890917868,5.21285075153226,2006,2006,0
100,2002,8.26965631498149,5.23676893566267,2006,2006,0
100,2003,8.38667548876903,5.55538918228241,2006,2006,0
100,2004,8.00304390200533,5.57752338696084,2006,2006,0
100,2005,7.74096919272062,5.73202751021246,2006,2006,0
100,2006,7.28809215351541,4.902656847163,2006,2006,1
100,2007,8.63612994018645,4.82248288894375,2006,2006,1
100,2008,8.33973319346354,6.45766213099687,2006,2006,1
100,2009,9.12926350932009,5.06109811111734,2006,2006,1
100,2010,8.14002388105152,5.74243655618036,2006,2006,1
